transaction_id,customer_id,transaction_date,payment_method
1,89,2023-04-17 09:30:36,Cash
2,35,2023-01-14 18:35:51,Mobile Payment
3,71,2023-04-13 05:59:24,Cash
4,60,2023-03-01 18:37:27,Mobile Payment
5,55,2022-12-31 19:40:36,Cash
6,10,2023-02-17 05:32:32,Debit Card
7,44,2023-06-28 22:24:50,Mobile Payment
8,14,2023-05-27 16:38:40,Cash
9,74,2022-11-01 02:25:42,Cash
10,85,2022-09-18 15:31:58,Cash
11,78,2022-12-20 12:15:03,Credit Card
12,14,2022-10-01 22:43:11,Mobile Payment
13,77,2023-05-22 20:15:29,Cash
14,86,2022-10-26 15:39:58,Debit Card
15,38,2023-05-28 08:32:46,Debit Card
16,77,2023-07-04 10:34:55,Cash
17,79,2022-12-11 19:07:41,Debit Card
18,74,2023-01-29 15:37:16,Debit Card
19,28,2023-06-18 22:08:42,Cash
20,95,2022-12-19 13:26:18,Cash
21,20,2022-08-27 18:29:45,Mobile Payment
22,22,2022-10-05 06:28:40,Cash
23,7,2023-05-28 21:38:04,Mobile Payment
24,100,2023-06-24 21:48:29,Cash
25,67,2022-09-08 23:54:54,Debit Card
26,39,2022-08-27 04:29:15,Credit Card
27,20,2022-08-25 11:28:18,Cash
28,5,2022-12-23 10:01:16,Debit Card
29,81,2023-03-29 02:46:55,Mobile Payment
30,82,2022-07-28 08:45:30,Cash
31,39,2023-06-08 07:24:47,Mobile Payment
32,78,2023-06-23 00:48:16,Debit Card
33,47,2023-02-11 08:33:25,Credit Card
34,38,2023-02-01 21:01:28,Credit Card
35,26,2022-08-29 07:40:22,Mobile Payment
36,14,2023-01-17 00:05:18,Cash
37,86,2023-06-12 18:04:38,Cash
38,61,2023-07-08 22:45:31,Mobile Payment
39,38,2022-08-20 20:53:32,Debit Card
40,43,2023-05-18 04:23:50,Cash
41,5,2023-05-05 15:24:40,Credit Card
42,91,2023-06-14 14:41:58,Cash
43,58,2023-01-04 16:55:00,Credit Card
44,87,2023-04-26 01:19:57,Credit Card
45,79,2022-11-30 20:26:27,Cash
46,79,2023-05-25 00:01:54,Credit Card
47,43,2023-05-13 07:26:59,Mobile Payment
48,84,2022-12-05 17:27:25,Cash
49,26,2023-05-16 21:39:08,Mobile Payment
50,95,2023-06-13 08:59:49,Debit Card
51,49,2023-06-02 22:08:31,Cash
52,37,2023-04-12 00:17:36,Credit Card
53,12,2022-08-31 14:33:14,Credit Card
54,55,2023-03-21 05:17:46,Cash
55,95,2022-08-31 14:59:16,Mobile Payment
56,59,2022-09-16 08:15:19,Mobile Payment
57,23,2023-01-17 06:30:20,Mobile Payment
58,66,2022-10-12 21:25:24,Debit Card
59,27,2022-11-24 04:09:19,Cash
60,81,2023-06-12 03:23:05,Cash
61,17,2022-10-17 19:36:24,Credit Card
62,97,2023-04-09 05:24:06,Cash
63,81,2023-06-01 23:27:29,Mobile Payment
64,70,2022-08-16 03:49:47,Debit Card
65,11,2023-05-21 07:20:24,Cash
66,76,2023-06-15 19:00:15,Credit Card
67,22,2023-04-26 09:39:25,Cash
68,36,2023-03-31 04:56:01,Mobile Payment
69,61,2022-10-15 17:51:45,Cash
70,87,2023-01-09 20:14:38,Cash
71,97,2023-02-17 03:25:45,Debit Card
72,58,2023-02-23 07:27:44,Cash
73,97,2022-12-30 03:08:40,Debit Card
74,18,2023-07-09 20:54:04,Debit Card
75,78,2022-11-30 19:29:44,Credit Card
76,20,2022-07-22 12:09:54,Mobile Payment
77,86,2022-07-25 04:33:01,Cash
78,69,2022-07-16 21:47:01,Debit Card
79,89,2022-10-29 23:02:37,Credit Card
80,88,2022-10-31 04:44:30,Mobile Payment
81,2,2022-11-27 01:11:43,Credit Card
82,8,2023-01-13 17:04:03,Cash
83,43,2022-08-18 14:51:18,Mobile Payment
84,75,2022-10-03 11:16:40,Credit Card
85,2,2023-04-12 03:29:13,Credit Card
86,23,2022-12-12 05:55:37,Credit Card
87,51,2022-11-08 04:17:44,Debit Card
88,72,2022-11-06 07:23:41,Cash
89,10,2022-10-30 03:23:59,Mobile Payment
90,93,2022-10-22 15:22:22,Cash
91,45,2023-03-23 22:23:25,Credit Card
92,47,2022-12-10 19:13:44,Mobile Payment
93,20,2022-11-05 05:04:00,Credit Card
94,70,2022-08-20 03:30:28,Debit Card
95,91,2022-07-29 15:07:35,Cash
96,9,2023-04-10 03:14:09,Cash
97,58,2023-02-19 03:56:27,Mobile Payment
98,45,2022-09-19 03:27:05,Credit Card
99,86,2022-07-17 23:58:47,Cash
100,18,2023-01-06 09:22:54,Cash
101,6,2023-05-01 06:45:41,Credit Card
102,79,2022-11-19 18:18:28,Cash
103,97,2022-12-29 08:41:21,Credit Card
104,38,2022-07-23 17:54:21,Debit Card
105,28,2022-12-04 00:31:05,Mobile Payment
106,95,2023-03-27 06:03:45,Mobile Payment
107,62,2022-10-31 20:49:52,Credit Card
108,61,2022-08-02 23:06:58,Mobile Payment
109,61,2022-08-14 05:44:24,Cash
110,59,2022-08-05 04:43:21,Debit Card
111,57,2022-09-18 01:23:56,Credit Card
112,71,2022-12-26 00:00:12,Debit Card
113,77,2022-08-30 15:39:11,Cash
114,76,2022-11-13 12:56:05,Debit Card
115,28,2022-10-16 14:45:31,Mobile Payment
116,82,2023-05-10 12:08:33,Debit Card
117,83,2022-09-21 09:39:24,Debit Card
118,80,2022-08-20 16:56:24,Credit Card
119,5,2022-10-25 00:03:58,Mobile Payment
120,17,2023-05-30 19:44:41,Cash
121,73,2022-07-30 09:06:36,Credit Card
122,12,2022-08-06 01:40:48,Debit Card
123,42,2022-08-22 22:48:12,Cash
124,43,2022-10-24 03:19:18,Cash
125,63,2023-06-21 06:51:55,Cash
126,13,2022-07-26 17:17:17,Mobile Payment
127,37,2022-12-10 15:42:06,Cash
128,23,2022-11-24 12:44:35,Mobile Payment
129,86,2023-01-01 05:13:52,Cash
130,44,2023-05-29 08:19:39,Cash
131,63,2023-04-15 08:59:44,Mobile Payment
132,74,2023-02-05 15:31:40,Debit Card
133,77,2023-05-20 23:01:57,Mobile Payment
134,82,2023-07-03 04:03:06,Cash
135,88,2023-01-17 20:15:51,Cash
136,53,2023-05-20 10:49:54,Debit Card
137,56,2022-07-28 19:18:54,Cash
138,16,2022-09-18 12:07:27,Cash
139,4,2023-04-29 11:59:44,Mobile Payment
140,96,2023-04-07 03:51:56,Cash
141,59,2022-09-10 20:05:20,Mobile Payment
142,48,2023-03-24 09:24:38,Mobile Payment
143,62,2023-06-01 09:08:53,Mobile Payment
144,12,2022-08-30 15:36:34,Debit Card
145,33,2023-01-27 16:13:31,Cash
146,80,2023-02-25 00:34:16,Mobile Payment
147,26,2023-04-16 06:56:07,Cash
148,16,2022-12-18 18:01:13,Credit Card
149,66,2022-12-28 15:25:00,Cash
150,94,2023-06-17 03:22:57,Debit Card
151,17,2022-10-26 12:04:41,Credit Card
152,30,2023-02-15 08:04:52,Debit Card
153,57,2022-08-18 19:40:49,Debit Card
154,94,2023-03-01 16:27:19,Debit Card
155,65,2022-12-28 13:58:30,Credit Card
156,62,2022-08-18 22:27:17,Debit Card
157,40,2023-02-27 17:41:54,Credit Card
158,87,2023-03-22 15:07:05,Credit Card
159,3,2023-07-07 00:04:13,Debit Card
160,49,2022-11-19 02:04:20,Mobile Payment
161,20,2022-10-06 10:34:40,Credit Card
162,72,2023-05-11 08:05:54,Mobile Payment
163,15,2023-03-26 07:45:34,Mobile Payment
164,99,2022-11-21 01:35:33,Cash
165,31,2022-10-03 05:32:38,Mobile Payment
166,4,2022-07-21 16:45:29,Debit Card
167,75,2022-09-30 07:46:08,Mobile Payment
168,23,2022-09-18 17:33:11,Credit Card
169,48,2023-02-25 12:57:09,Mobile Payment
170,55,2023-04-27 01:05:32,Debit Card
171,88,2022-08-15 14:49:34,Cash
172,49,2022-10-22 09:18:36,Credit Card
173,74,2023-04-28 01:35:44,Cash
174,34,2023-05-26 16:14:48,Credit Card
175,91,2022-10-11 12:18:53,Mobile Payment
176,9,2022-12-14 09:16:06,Cash
177,30,2023-01-28 11:25:10,Cash
178,93,2023-06-10 00:00:37,Mobile Payment
179,98,2022-11-15 05:42:03,Debit Card
180,50,2023-07-11 23:57:27,Mobile Payment
181,55,2023-04-24 12:19:41,Credit Card
182,45,2022-12-17 13:22:44,Credit Card
183,19,2022-09-27 19:05:19,Credit Card
184,79,2022-11-29 09:22:14,Mobile Payment
185,3,2022-12-28 08:29:17,Credit Card
186,11,2022-08-03 06:41:46,Debit Card
187,90,2022-11-09 02:17:52,Credit Card
188,71,2023-05-20 21:58:54,Cash
189,29,2023-05-01 13:22:48,Debit Card
190,54,2023-02-24 00:39:12,Mobile Payment
191,93,2023-01-05 04:49:24,Mobile Payment
192,17,2022-09-17 21:23:37,Credit Card
193,86,2022-09-20 20:11:12,Credit Card
194,87,2022-07-28 22:05:36,Cash
195,62,2023-07-09 16:36:40,Credit Card
196,83,2022-10-17 17:06:48,Cash
197,1,2022-09-09 08:02:06,Cash
198,73,2022-08-15 21:00:58,Mobile Payment
199,67,2022-09-02 00:00:37,Credit Card
200,60,2023-01-30 11:12:59,Mobile Payment
201,10,2022-08-10 07:30:41,Mobile Payment
202,36,2023-01-15 12:34:51,Debit Card
203,78,2023-02-27 12:35:22,Debit Card
204,59,2023-06-24 14:34:13,Credit Card
205,93,2022-08-14 08:36:31,Mobile Payment
206,45,2023-03-13 13:26:12,Cash
207,22,2022-08-24 07:31:50,Cash
208,1,2022-10-11 09:13:10,Cash
209,84,2023-02-19 01:23:10,Mobile Payment
210,73,2022-07-31 08:39:06,Mobile Payment
211,35,2023-06-13 10:29:36,Mobile Payment
212,59,2022-09-25 12:32:08,Mobile Payment
213,89,2023-07-01 08:43:15,Mobile Payment
214,52,2023-02-08 07:16:15,Credit Card
215,75,2022-11-14 19:22:47,Cash
216,13,2023-05-02 18:09:00,Debit Card
217,6,2023-07-03 13:30:07,Credit Card
218,42,2023-04-30 18:41:42,Cash
219,73,2022-11-07 01:49:38,Debit Card
220,67,2022-11-06 13:29:59,Cash
221,89,2022-07-23 19:42:38,Debit Card
222,27,2022-11-14 09:55:21,Cash
223,83,2023-01-04 17:03:58,Credit Card
224,38,2023-05-31 18:34:08,Cash
225,43,2023-05-24 05:00:40,Cash
226,80,2023-06-03 11:31:58,Cash
227,18,2023-02-20 14:55:54,Mobile Payment
228,16,2023-03-27 04:10:49,Mobile Payment
229,1,2022-11-08 04:06:29,Cash
230,97,2022-10-23 09:41:05,Cash
231,87,2023-05-12 23:24:43,Credit Card
232,36,2023-02-20 03:20:09,Credit Card
233,15,2022-09-19 20:28:09,Cash
234,33,2022-10-06 21:06:35,Credit Card
235,33,2023-06-01 13:35:32,Mobile Payment
236,78,2023-01-28 03:01:29,Cash
237,59,2023-05-16 04:43:17,Cash
238,22,2023-06-11 01:30:46,Debit Card
239,23,2023-03-01 16:43:00,Credit Card
240,11,2022-10-08 09:23:29,Debit Card
241,22,2023-01-25 05:56:19,Mobile Payment
242,84,2023-04-07 00:51:45,Credit Card
243,2,2022-09-11 01:30:36,Credit Card
244,42,2022-12-19 01:38:07,Debit Card
245,100,2022-09-17 22:51:28,Debit Card
246,81,2023-06-11 00:24:07,Credit Card
247,73,2023-02-16 11:05:40,Mobile Payment
248,4,2022-09-13 15:18:43,Credit Card
249,86,2022-08-04 16:01:36,Cash
250,16,2023-01-16 05:51:37,Cash
251,25,2023-05-11 01:33:11,Credit Card
252,30,2022-09-09 14:47:27,Credit Card
253,88,2023-05-13 19:18:32,Credit Card
254,65,2023-03-02 17:51:38,Debit Card
255,1,2023-04-12 12:14:08,Cash
256,56,2023-01-05 21:35:58,Mobile Payment
257,64,2022-12-10 19:07:26,Cash
258,34,2022-09-13 05:35:10,Cash
259,8,2022-08-12 14:38:47,Debit Card
260,28,2022-12-28 20:43:46,Mobile Payment
261,87,2022-10-25 07:30:12,Debit Card
262,91,2022-09-24 04:40:01,Credit Card
263,86,2022-12-14 18:26:49,Cash
264,53,2022-11-29 15:14:58,Credit Card
265,54,2022-08-21 20:54:20,Credit Card
266,52,2022-10-16 06:31:45,Debit Card
267,90,2023-01-13 17:46:15,Debit Card
268,92,2023-04-18 05:04:02,Debit Card
269,10,2023-04-29 05:16:15,Debit Card
270,58,2023-02-25 22:54:43,Debit Card
271,55,2022-10-20 02:21:29,Credit Card
272,49,2023-02-02 13:33:42,Credit Card
273,30,2023-07-02 13:18:29,Mobile Payment
274,91,2022-11-14 16:18:08,Debit Card
275,10,2022-10-24 09:22:52,Debit Card
276,49,2022-09-23 19:43:21,Cash
277,30,2023-01-07 01:46:37,Cash
278,44,2023-02-21 08:18:22,Credit Card
279,11,2023-03-23 07:16:43,Cash
280,39,2022-10-25 23:31:28,Mobile Payment
281,59,2022-12-17 14:54:23,Mobile Payment
282,23,2023-05-26 10:49:07,Mobile Payment
283,17,2023-01-11 14:40:25,Cash
284,85,2022-10-23 12:19:48,Credit Card
285,45,2022-12-14 10:23:52,Credit Card
286,28,2022-10-19 19:52:40,Mobile Payment
287,11,2022-08-26 03:31:01,Mobile Payment
288,40,2023-07-05 22:26:33,Debit Card
289,46,2022-08-21 09:47:04,Credit Card
290,45,2022-07-30 13:52:01,Credit Card
291,42,2023-05-10 21:31:52,Credit Card
292,94,2023-02-27 21:38:51,Mobile Payment
293,6,2023-01-15 14:43:37,Mobile Payment
294,3,2022-10-22 02:35:32,Mobile Payment
295,49,2022-11-27 23:01:18,Cash
296,19,2023-05-12 00:32:42,Debit Card
297,96,2022-09-16 17:25:35,Credit Card
298,49,2022-07-27 23:05:00,Cash
299,56,2022-10-11 08:01:39,Debit Card
300,62,2022-09-16 00:14:35,Cash
301,9,2023-02-09 23:38:46,Cash
302,87,2023-02-28 20:27:58,Mobile Payment
303,39,2023-06-27 18:16:45,Mobile Payment
304,20,2023-02-25 17:19:07,Debit Card
305,88,2023-05-31 00:58:13,Cash
306,6,2023-03-13 23:17:56,Cash
307,63,2022-09-19 01:14:26,Cash
308,29,2022-07-14 13:36:10,Debit Card
309,34,2023-07-12 20:01:47,Credit Card
310,66,2023-06-02 09:56:16,Cash
311,59,2022-12-06 22:08:11,Credit Card
312,68,2023-02-06 10:46:09,Credit Card
313,50,2023-05-18 18:27:13,Credit Card
314,85,2022-12-04 21:34:47,Cash
315,79,2022-11-06 23:02:53,Credit Card
316,7,2023-01-06 10:34:58,Debit Card
317,44,2022-08-07 08:27:05,Debit Card
318,61,2023-03-13 03:52:01,Cash
319,28,2022-12-05 05:57:15,Mobile Payment
320,19,2022-08-16 06:06:46,Debit Card
321,94,2023-02-19 15:30:31,Mobile Payment
322,50,2023-02-11 21:47:21,Debit Card
323,2,2022-09-09 20:20:24,Credit Card
324,76,2022-10-10 01:06:09,Cash
325,94,2022-12-15 21:21:48,Debit Card
326,55,2023-06-19 03:30:23,Cash
327,46,2022-10-06 22:37:29,Debit Card
328,12,2023-05-18 22:16:23,Mobile Payment
329,29,2022-08-30 04:13:31,Mobile Payment
330,28,2023-05-05 22:33:43,Debit Card
331,56,2023-02-19 22:47:27,Credit Card
332,23,2022-07-29 18:43:17,Mobile Payment
333,27,2023-04-27 09:29:43,Debit Card
334,36,2022-12-14 00:10:57,Mobile Payment
335,87,2022-08-06 21:03:43,Mobile Payment
336,89,2022-12-28 18:30:53,Debit Card
337,89,2023-01-20 20:42:14,Mobile Payment
338,78,2023-07-10 01:58:00,Mobile Payment
339,72,2023-03-04 09:09:04,Mobile Payment
340,78,2022-11-22 01:48:51,Cash
341,15,2022-12-18 22:51:42,Debit Card
342,28,2023-06-03 09:27:10,Credit Card
343,72,2023-01-05 02:47:37,Debit Card
344,86,2022-10-30 15:35:57,Cash
345,72,2022-10-23 10:22:17,Credit Card
346,25,2022-11-20 08:05:18,Credit Card
347,48,2022-09-15 05:03:12,Mobile Payment
348,86,2023-01-02 09:20:42,Debit Card
349,90,2023-05-25 14:31:42,Credit Card
350,38,2022-09-03 08:04:33,Cash
351,49,2022-08-01 19:40:36,Debit Card
352,74,2023-03-31 07:11:36,Credit Card
353,59,2022-11-13 22:57:50,Debit Card
354,53,2022-09-07 00:46:46,Mobile Payment
355,8,2022-07-23 00:01:07,Cash
356,2,2022-12-18 00:41:50,Cash
357,44,2022-07-20 19:36:34,Cash
358,4,2022-08-06 16:30:40,Cash
359,32,2023-05-02 21:34:54,Cash
360,21,2022-08-21 11:22:31,Cash
361,86,2022-11-28 02:17:44,Debit Card
362,17,2023-01-17 04:46:49,Mobile Payment
363,77,2023-02-10 15:39:15,Cash
364,60,2023-02-06 22:53:02,Cash
365,22,2023-01-14 20:31:21,Mobile Payment
366,71,2022-12-02 01:08:50,Credit Card
367,10,2022-11-29 00:35:55,Mobile Payment
368,39,2023-01-08 12:16:15,Mobile Payment
369,75,2023-04-16 18:43:51,Cash
370,49,2023-04-29 23:53:51,Debit Card
371,31,2022-07-26 07:29:14,Debit Card
372,25,2022-09-29 17:07:56,Cash
373,42,2022-11-10 08:30:47,Cash
374,51,2023-01-11 07:41:10,Credit Card
375,73,2022-12-07 18:18:50,Mobile Payment
376,40,2022-11-20 12:08:41,Mobile Payment
377,66,2022-09-09 15:21:44,Debit Card
378,76,2022-10-23 00:56:07,Mobile Payment
379,61,2022-08-27 03:57:56,Debit Card
380,92,2023-01-03 16:51:14,Cash
381,38,2023-05-12 05:53:20,Mobile Payment
382,34,2023-01-30 19:29:16,Mobile Payment
383,33,2023-07-04 23:04:19,Debit Card
384,78,2023-02-14 05:03:19,Mobile Payment
385,5,2022-08-14 03:42:03,Debit Card
386,100,2023-01-06 17:36:41,Cash
387,50,2023-05-24 00:32:12,Credit Card
388,30,2022-07-31 02:47:57,Mobile Payment
389,2,2023-03-06 11:06:45,Cash
390,63,2022-07-27 13:19:55,Cash
391,54,2023-06-08 17:16:51,Credit Card
392,11,2022-07-21 16:26:37,Debit Card
393,71,2023-06-06 22:57:46,Debit Card
394,91,2023-04-29 10:31:42,Mobile Payment
395,42,2023-01-26 08:01:55,Cash
396,31,2023-02-22 20:54:28,Mobile Payment
397,77,2022-11-29 00:35:54,Credit Card
398,6,2023-04-03 01:24:30,Debit Card
399,24,2023-05-16 04:55:20,Credit Card
400,97,2022-07-14 05:35:28,Debit Card
401,64,2023-04-11 03:37:27,Mobile Payment
402,33,2023-05-13 16:20:19,Mobile Payment
403,70,2022-11-29 08:51:25,Debit Card
404,99,2022-08-06 01:49:11,Cash
405,25,2022-12-10 07:47:48,Credit Card
406,26,2022-08-04 19:42:10,Credit Card
407,8,2022-08-06 07:47:56,Debit Card
408,82,2023-07-11 15:06:50,Credit Card
409,89,2022-09-02 06:47:33,Mobile Payment
410,79,2022-11-03 04:17:46,Cash
411,18,2023-07-06 01:24:17,Mobile Payment
412,53,2023-05-03 22:10:08,Cash
413,6,2022-09-16 17:36:10,Mobile Payment
414,44,2023-01-04 14:27:16,Cash
415,34,2023-03-24 06:49:14,Debit Card
416,45,2023-01-17 01:18:44,Credit Card
417,38,2022-10-29 06:48:02,Debit Card
418,21,2022-08-07 21:29:21,Debit Card
419,2,2022-10-04 11:24:28,Credit Card
420,13,2022-08-23 18:47:48,Debit Card
421,38,2022-08-02 13:01:25,Cash
422,81,2022-12-30 20:23:34,Cash
423,47,2023-06-24 09:13:58,Mobile Payment
424,99,2023-07-03 13:15:16,Mobile Payment
425,65,2023-03-04 15:36:32,Mobile Payment
426,36,2023-02-28 01:34:52,Cash
427,51,2022-08-07 13:15:55,Mobile Payment
428,15,2023-06-25 16:59:38,Credit Card
429,90,2022-10-22 09:39:53,Credit Card
430,45,2022-08-31 14:56:24,Credit Card
431,47,2022-09-30 00:51:19,Debit Card
432,6,2023-04-14 17:00:07,Credit Card
433,62,2022-09-01 07:23:46,Debit Card
434,29,2023-04-11 22:20:06,Mobile Payment
435,77,2023-05-10 16:18:38,Cash
436,49,2023-03-31 03:35:44,Credit Card
437,72,2023-03-12 21:56:24,Mobile Payment
438,84,2022-08-23 05:44:20,Credit Card
439,42,2022-07-18 07:32:20,Debit Card
440,86,2022-10-01 08:50:04,Debit Card
441,41,2022-10-14 07:11:34,Debit Card
442,26,2022-07-13 05:31:31,Credit Card
443,65,2022-09-14 04:10:03,Debit Card
444,87,2023-06-25 00:15:43,Cash
445,44,2023-01-31 12:03:24,Cash
446,39,2023-05-05 20:38:57,Debit Card
447,26,2022-10-18 01:35:39,Cash
448,57,2022-08-31 18:24:01,Mobile Payment
449,45,2023-04-07 03:59:34,Credit Card
450,93,2022-10-23 19:26:39,Mobile Payment
451,2,2023-04-03 01:55:38,Debit Card
452,67,2022-12-23 06:56:32,Debit Card
453,55,2023-02-12 01:01:03,Cash
454,11,2022-08-10 03:23:54,Mobile Payment
455,55,2022-12-13 12:12:00,Cash
456,44,2022-08-14 15:36:38,Cash
457,14,2022-11-25 12:46:58,Mobile Payment
458,93,2022-09-19 20:06:15,Debit Card
459,2,2022-12-12 15:16:01,Credit Card
460,38,2022-09-24 18:33:06,Mobile Payment
461,51,2023-05-11 14:19:41,Cash
462,99,2022-09-03 04:55:12,Cash
463,41,2022-09-05 07:03:33,Debit Card
464,99,2023-03-24 21:46:58,Credit Card
465,27,2022-10-25 00:07:56,Cash
466,90,2023-05-13 11:37:01,Credit Card
467,90,2022-09-18 06:13:42,Debit Card
468,58,2022-08-12 13:24:23,Mobile Payment
469,63,2022-09-24 08:23:39,Cash
470,7,2023-01-17 17:18:33,Credit Card
471,16,2023-01-07 21:03:45,Cash
472,59,2022-09-25 13:59:05,Credit Card
473,47,2022-09-29 00:36:53,Mobile Payment
474,95,2022-07-24 14:51:19,Cash
475,8,2022-12-21 19:45:22,Mobile Payment
476,78,2022-11-21 20:02:57,Debit Card
477,88,2022-10-16 18:42:35,Cash
478,28,2023-01-29 05:06:25,Credit Card
479,75,2023-04-17 10:09:28,Mobile Payment
480,59,2022-11-30 00:48:23,Credit Card
481,37,2023-06-25 23:09:07,Credit Card
482,26,2023-02-09 11:47:17,Debit Card
483,79,2023-01-25 21:32:49,Cash
484,98,2022-08-01 18:45:44,Cash
485,42,2022-07-19 13:54:04,Mobile Payment
486,56,2022-10-04 03:15:23,Debit Card
487,32,2023-05-28 01:15:50,Credit Card
488,84,2023-06-29 09:54:56,Debit Card
489,11,2023-03-01 15:05:00,Mobile Payment
490,56,2023-03-23 21:31:42,Cash
491,26,2022-10-16 09:33:07,Debit Card
492,39,2022-10-09 10:53:29,Cash
493,73,2022-10-03 14:58:51,Cash
494,39,2023-02-23 19:16:09,Debit Card
495,9,2022-12-24 09:12:05,Cash
496,93,2023-06-08 04:50:09,Mobile Payment
497,53,2023-01-25 12:17:28,Debit Card
498,68,2023-06-11 11:27:22,Mobile Payment
499,73,2022-10-06 08:27:02,Debit Card
500,93,2022-12-07 02:05:51,Debit Card
501,43,2022-10-08 14:33:53,Debit Card
502,63,2022-10-05 06:49:44,Cash
503,15,2023-07-11 02:36:34,Credit Card
504,18,2023-01-03 05:05:24,Mobile Payment
505,18,2023-06-02 08:43:29,Mobile Payment
506,11,2023-07-06 10:33:50,Mobile Payment
507,69,2023-07-01 21:26:15,Cash
508,94,2022-12-01 20:18:41,Mobile Payment
509,33,2023-02-27 18:26:33,Debit Card
510,57,2022-09-20 10:03:56,Cash
511,100,2022-07-26 03:42:37,Debit Card
512,78,2023-03-29 18:31:37,Mobile Payment
513,30,2022-08-08 03:12:56,Cash
514,63,2022-07-29 04:37:55,Mobile Payment
515,84,2022-12-17 12:47:01,Credit Card
516,12,2022-12-12 19:34:58,Cash
517,38,2023-03-24 20:26:28,Cash
518,100,2023-02-02 20:05:36,Cash
519,4,2023-02-13 16:59:02,Credit Card
520,67,2022-12-16 21:31:14,Cash
521,18,2022-08-24 08:33:42,Credit Card
522,66,2023-04-05 14:11:24,Mobile Payment
523,55,2023-06-04 03:36:04,Debit Card
524,2,2023-03-07 20:45:25,Debit Card
525,52,2023-02-22 12:18:22,Debit Card
526,12,2022-08-23 17:18:44,Debit Card
527,30,2022-10-08 20:45:43,Credit Card
528,3,2022-11-26 08:04:05,Cash
529,25,2023-04-15 04:29:10,Debit Card
530,56,2023-03-26 07:24:09,Credit Card
531,29,2023-06-27 02:39:01,Credit Card
532,30,2023-02-26 06:53:54,Credit Card
533,45,2023-06-07 07:19:52,Debit Card
534,69,2023-03-17 08:16:16,Mobile Payment
535,62,2023-07-07 05:21:52,Cash
536,31,2022-09-03 17:49:34,Mobile Payment
537,25,2022-09-07 15:20:20,Credit Card
538,40,2022-07-24 08:10:10,Debit Card
539,94,2022-08-14 21:30:51,Debit Card
540,21,2023-03-25 18:30:12,Credit Card
541,87,2023-01-04 18:14:41,Cash
542,24,2023-05-24 23:23:23,Cash
543,12,2023-06-18 04:43:32,Cash
544,53,2022-11-27 01:29:17,Mobile Payment
545,94,2022-09-24 21:12:40,Mobile Payment
546,13,2022-11-18 09:20:47,Cash
547,34,2023-02-15 14:02:42,Credit Card
548,4,2023-02-18 13:17:34,Credit Card
549,72,2022-12-30 10:08:22,Cash
550,59,2023-06-04 09:32:50,Cash
551,44,2023-01-30 14:22:44,Credit Card
552,13,2022-10-25 22:20:00,Mobile Payment
553,25,2023-06-26 11:52:04,Cash
554,91,2023-03-01 04:26:53,Mobile Payment
555,16,2023-02-25 12:35:16,Mobile Payment
556,23,2023-03-01 04:25:08,Mobile Payment
557,100,2023-05-11 13:26:30,Credit Card
558,98,2023-07-11 08:10:40,Debit Card
559,81,2023-01-12 04:34:30,Mobile Payment
560,65,2023-02-28 18:44:50,Cash
561,69,2023-02-19 02:39:56,Mobile Payment
562,7,2023-04-26 01:18:16,Credit Card
563,51,2023-01-27 22:06:50,Cash
564,31,2023-07-07 22:00:16,Debit Card
565,84,2022-07-24 19:53:14,Credit Card
566,17,2022-07-30 09:56:59,Credit Card
567,82,2022-10-07 17:47:34,Mobile Payment
568,30,2023-05-02 18:31:55,Credit Card
569,77,2022-09-03 16:55:49,Mobile Payment
570,75,2022-07-26 19:22:49,Credit Card
571,18,2023-07-07 08:00:07,Debit Card
572,55,2023-01-11 19:12:12,Debit Card
573,99,2023-02-10 01:54:10,Debit Card
574,41,2022-07-24 12:32:51,Mobile Payment
575,89,2022-09-05 09:57:32,Debit Card
576,28,2022-12-19 08:12:14,Mobile Payment
577,35,2023-05-16 05:06:35,Cash
578,59,2023-05-16 16:25:13,Mobile Payment
579,15,2022-10-02 16:14:43,Mobile Payment
580,9,2022-09-04 00:26:53,Debit Card
581,53,2023-03-15 14:48:18,Credit Card
582,45,2023-05-12 04:19:47,Credit Card
583,19,2022-12-08 17:47:00,Cash
584,92,2022-12-10 20:44:05,Credit Card
585,91,2023-06-14 19:04:54,Debit Card
586,88,2022-10-25 00:34:23,Mobile Payment
587,72,2022-08-10 01:09:10,Mobile Payment
588,75,2022-10-27 06:42:44,Credit Card
589,67,2023-06-23 06:06:09,Mobile Payment
590,22,2023-01-02 01:42:13,Debit Card
591,77,2023-06-15 17:22:08,Credit Card
592,12,2022-11-12 08:41:15,Cash
593,23,2023-06-06 20:01:42,Debit Card
594,61,2023-01-10 19:22:59,Mobile Payment
595,40,2023-06-10 02:03:07,Debit Card
596,78,2022-10-23 21:51:57,Cash
597,34,2023-04-12 11:04:26,Cash
598,89,2022-09-15 14:47:38,Cash
599,56,2023-01-15 17:19:43,Mobile Payment
600,88,2022-07-22 13:33:11,Debit Card
601,88,2022-09-01 14:55:16,Mobile Payment
602,93,2022-09-07 18:41:16,Debit Card
603,15,2022-08-19 20:40:43,Mobile Payment
604,94,2023-05-27 22:30:10,Credit Card
605,62,2023-04-06 05:58:59,Debit Card
606,44,2023-04-04 17:05:19,Credit Card
607,40,2023-01-03 08:11:50,Debit Card
608,66,2023-07-12 09:53:55,Credit Card
609,93,2022-12-13 18:33:05,Debit Card
610,49,2022-10-23 21:07:07,Credit Card
611,63,2023-04-25 14:35:19,Debit Card
612,95,2022-07-16 19:10:19,Mobile Payment
613,16,2022-12-09 12:03:53,Debit Card
614,96,2022-12-16 12:08:22,Mobile Payment
615,29,2022-09-08 10:55:32,Credit Card
616,9,2022-09-09 00:40:21,Debit Card
617,84,2023-03-27 17:36:34,Cash
618,16,2022-11-04 09:06:23,Debit Card
619,83,2022-10-20 19:58:42,Credit Card
620,60,2023-02-23 22:40:33,Mobile Payment
621,65,2023-02-20 16:04:36,Debit Card
622,65,2023-07-02 09:29:00,Cash
623,56,2023-02-06 17:40:18,Credit Card
624,50,2023-06-29 21:09:22,Mobile Payment
625,62,2022-07-27 22:18:09,Mobile Payment
626,66,2022-07-21 14:36:31,Credit Card
627,75,2023-06-02 15:10:11,Debit Card
628,95,2022-09-05 10:29:49,Debit Card
629,11,2022-07-24 04:03:26,Debit Card
630,36,2023-03-24 13:52:12,Mobile Payment
631,3,2022-12-14 23:02:31,Debit Card
632,2,2023-04-25 11:02:50,Mobile Payment
633,74,2022-11-15 00:20:53,Mobile Payment
634,43,2022-11-02 00:10:27,Cash
635,68,2023-04-21 15:48:13,Mobile Payment
636,37,2022-11-09 17:07:19,Credit Card
637,14,2022-10-13 02:53:09,Cash
638,36,2022-12-15 15:04:28,Cash
639,16,2022-09-29 15:12:35,Mobile Payment
640,51,2022-10-24 04:40:57,Cash
641,74,2023-02-20 00:07:03,Debit Card
642,83,2022-08-30 17:14:33,Credit Card
643,67,2022-12-19 14:08:30,Debit Card
644,46,2022-10-14 17:29:06,Mobile Payment
645,42,2022-10-22 20:29:28,Debit Card
646,5,2023-01-03 11:18:50,Debit Card
647,79,2023-04-13 08:07:03,Debit Card
648,16,2023-06-17 03:19:35,Mobile Payment
649,85,2023-01-25 11:02:05,Debit Card
650,90,2022-09-02 01:47:30,Mobile Payment
651,43,2022-08-18 14:51:51,Mobile Payment
652,83,2022-12-09 01:37:58,Debit Card
653,87,2023-04-13 10:26:51,Debit Card
654,21,2023-03-11 10:58:52,Mobile Payment
655,47,2023-02-03 20:44:25,Credit Card
656,61,2022-09-14 16:05:33,Mobile Payment
657,51,2022-10-10 05:31:16,Cash
658,67,2022-08-20 10:18:19,Mobile Payment
659,72,2022-08-15 19:33:32,Cash
660,49,2022-10-02 15:51:18,Credit Card
661,19,2022-11-02 19:00:04,Cash
662,78,2023-06-21 18:52:03,Debit Card
663,66,2022-08-05 06:03:33,Cash
664,52,2022-11-26 12:02:28,Cash
665,97,2022-09-27 00:29:40,Cash
666,68,2023-05-07 12:59:40,Debit Card
667,49,2023-07-13 06:32:07,Debit Card
668,30,2023-01-31 22:17:47,Credit Card
669,68,2023-02-11 18:15:43,Cash
670,70,2023-06-21 20:08:56,Credit Card
671,28,2023-03-11 23:20:12,Cash
672,11,2022-10-25 23:41:52,Mobile Payment
673,53,2022-08-27 12:28:41,Mobile Payment
674,7,2022-07-22 16:03:24,Mobile Payment
675,13,2023-04-13 00:22:47,Cash
676,66,2023-01-17 20:45:47,Credit Card
677,68,2022-10-07 16:19:35,Cash
678,64,2022-09-26 05:18:12,Debit Card
679,9,2022-09-16 05:13:55,Cash
680,12,2023-04-12 01:59:33,Cash
681,82,2022-11-23 10:18:03,Credit Card
682,35,2023-07-03 07:45:16,Credit Card
683,4,2023-05-02 03:00:21,Credit Card
684,34,2022-12-16 15:40:56,Credit Card
685,20,2022-12-12 16:08:49,Debit Card
686,4,2023-06-20 12:41:27,Credit Card
687,94,2023-05-06 20:10:36,Credit Card
688,27,2023-04-13 01:46:02,Mobile Payment
689,92,2023-03-23 05:59:12,Debit Card
690,70,2023-02-28 02:32:58,Debit Card
691,23,2023-02-17 16:01:34,Credit Card
692,85,2022-07-25 00:35:27,Debit Card
693,78,2022-08-31 05:59:36,Mobile Payment
694,91,2022-11-23 17:34:46,Mobile Payment
695,32,2022-11-01 03:47:43,Debit Card
696,39,2023-02-13 17:37:13,Cash
697,6,2023-07-05 00:38:16,Mobile Payment
698,50,2023-02-16 09:55:34,Cash
699,10,2023-02-19 08:19:01,Debit Card
700,94,2022-07-27 01:42:28,Mobile Payment
701,57,2023-02-17 23:59:03,Mobile Payment
702,62,2022-09-08 11:14:35,Debit Card
703,9,2023-06-20 10:28:51,Cash
704,97,2023-01-03 21:43:44,Cash
705,51,2022-10-09 04:00:07,Cash
706,17,2023-06-18 21:47:05,Credit Card
707,22,2023-01-17 00:20:44,Cash
708,96,2023-05-22 21:43:34,Credit Card
709,43,2023-06-07 02:33:38,Cash
710,70,2022-12-06 03:11:22,Credit Card
711,4,2022-08-21 05:14:29,Credit Card
712,60,2023-07-11 01:14:27,Credit Card
713,89,2023-04-04 10:09:16,Cash
714,95,2022-10-26 08:06:04,Credit Card
715,12,2023-05-25 22:43:51,Cash
716,42,2023-01-02 04:59:35,Mobile Payment
717,36,2022-12-26 20:27:13,Credit Card
718,27,2023-07-02 19:27:43,Cash
719,49,2023-02-20 14:13:32,Cash
720,3,2022-08-28 15:28:10,Credit Card
721,7,2022-11-13 11:59:30,Cash
722,50,2023-04-05 07:37:50,Debit Card
723,12,2022-07-16 01:50:35,Debit Card
724,43,2023-04-25 01:16:14,Cash
725,22,2023-02-14 03:48:37,Cash
726,22,2023-05-24 16:14:48,Mobile Payment
727,81,2023-01-18 15:38:48,Credit Card
728,9,2022-10-23 00:14:07,Credit Card
729,88,2023-05-05 22:05:14,Debit Card
730,86,2023-03-13 02:51:40,Credit Card
731,65,2023-02-16 04:14:34,Credit Card
732,12,2023-03-28 04:41:43,Debit Card
733,36,2023-01-26 22:46:38,Credit Card
734,99,2022-12-07 03:27:41,Debit Card
735,91,2023-06-18 23:49:56,Debit Card
736,33,2023-01-12 10:13:52,Credit Card
737,98,2022-11-25 21:30:25,Credit Card
738,87,2022-10-30 05:31:07,Credit Card
739,20,2023-04-23 13:39:25,Credit Card
740,54,2022-09-16 04:14:48,Mobile Payment
741,57,2023-03-19 00:20:49,Cash
742,62,2022-11-01 19:25:04,Debit Card
743,58,2022-11-05 14:48:24,Debit Card
744,67,2023-05-26 22:04:21,Debit Card
745,93,2023-01-20 14:15:53,Credit Card
746,33,2023-05-13 22:44:28,Debit Card
747,8,2022-12-03 07:20:09,Mobile Payment
748,16,2022-07-22 08:45:12,Mobile Payment
749,96,2022-09-26 01:28:26,Debit Card
750,95,2023-06-05 01:30:44,Mobile Payment
751,45,2022-12-26 22:19:01,Cash
752,86,2023-01-08 08:12:41,Cash
753,82,2023-02-02 17:25:44,Mobile Payment
754,78,2022-12-03 17:34:35,Cash
755,99,2023-03-27 10:39:31,Credit Card
756,49,2023-06-04 08:55:26,Cash
757,92,2023-06-29 08:10:56,Credit Card
758,73,2023-01-10 01:20:06,Mobile Payment
759,37,2023-07-06 09:18:55,Debit Card
760,85,2022-08-19 13:47:33,Cash
761,27,2022-10-15 13:06:07,Cash
762,56,2023-01-16 06:48:44,Debit Card
763,38,2023-02-25 07:10:55,Debit Card
764,51,2022-09-12 11:04:31,Credit Card
765,35,2023-03-16 19:38:22,Credit Card
766,11,2022-07-21 11:44:42,Credit Card
767,96,2023-01-15 03:23:52,Credit Card
768,85,2022-09-20 04:55:48,Debit Card
769,16,2022-10-05 13:29:03,Debit Card
770,46,2022-12-29 02:13:27,Debit Card
771,43,2022-08-07 17:48:42,Cash
772,24,2022-11-06 23:20:15,Debit Card
773,61,2022-12-26 09:07:46,Credit Card
774,47,2023-04-10 02:57:59,Mobile Payment
775,12,2023-06-01 00:27:23,Credit Card
776,22,2023-04-17 06:50:43,Credit Card
777,11,2022-07-30 05:54:25,Mobile Payment
778,66,2023-06-05 15:45:19,Mobile Payment
779,68,2023-06-30 14:03:04,Mobile Payment
780,52,2023-06-22 23:35:23,Debit Card
781,37,2022-10-21 15:20:32,Credit Card
782,50,2022-11-15 10:30:29,Debit Card
783,98,2023-04-14 09:16:30,Cash
784,69,2023-01-14 11:20:45,Debit Card
785,73,2022-08-14 14:24:11,Mobile Payment
786,68,2022-11-18 01:00:07,Mobile Payment
787,100,2022-12-14 21:23:55,Mobile Payment
788,80,2023-05-19 02:09:45,Mobile Payment
789,53,2023-05-19 18:45:49,Credit Card
790,95,2023-02-27 15:24:11,Cash
791,41,2023-03-19 02:11:11,Debit Card
792,82,2022-12-12 04:17:41,Cash
793,34,2023-07-10 03:50:53,Mobile Payment
794,19,2023-01-13 02:31:55,Debit Card
795,68,2022-10-27 19:35:30,Debit Card
796,22,2022-07-16 21:07:01,Debit Card
797,57,2023-02-16 21:14:23,Cash
798,52,2023-06-08 06:25:37,Debit Card
799,87,2022-09-13 23:05:32,Credit Card
800,81,2023-03-13 13:01:59,Cash
801,79,2022-11-29 08:12:25,Mobile Payment
802,90,2023-03-31 03:29:37,Mobile Payment
803,14,2023-01-09 00:03:42,Credit Card
804,4,2022-10-16 09:05:41,Credit Card
805,90,2023-01-11 00:21:51,Credit Card
806,82,2022-10-25 19:55:14,Credit Card
807,77,2023-01-31 21:36:49,Cash
808,30,2023-05-30 07:04:38,Cash
809,47,2022-12-30 11:09:21,Mobile Payment
810,46,2022-07-23 19:12:57,Cash
811,90,2022-10-08 23:26:50,Cash
812,70,2023-06-22 22:14:54,Credit Card
813,9,2023-03-25 01:19:46,Cash
814,47,2023-02-27 06:16:20,Mobile Payment
815,49,2022-12-03 04:17:24,Cash
816,65,2022-08-25 20:12:29,Credit Card
817,67,2023-04-08 07:24:41,Cash
818,62,2022-11-04 07:41:17,Credit Card
819,10,2023-01-21 00:29:11,Cash
820,12,2022-09-18 04:32:41,Cash
821,64,2023-03-11 17:45:48,Debit Card
822,32,2022-09-10 21:17:08,Debit Card
823,23,2022-12-11 11:05:33,Credit Card
824,34,2022-08-12 00:24:37,Credit Card
825,64,2023-03-21 01:34:40,Mobile Payment
826,48,2023-06-30 12:17:57,Mobile Payment
827,85,2023-06-28 17:27:52,Cash
828,74,2023-02-07 08:20:38,Debit Card
829,87,2022-10-18 12:31:19,Cash
830,92,2023-04-22 16:22:04,Credit Card
831,74,2023-05-06 16:12:15,Mobile Payment
832,20,2023-04-07 02:32:12,Mobile Payment
833,88,2022-12-15 19:39:09,Cash
834,58,2022-10-23 23:01:50,Debit Card
835,56,2023-05-18 16:06:16,Cash
836,53,2022-11-09 09:23:55,Credit Card
837,89,2023-04-23 15:25:49,Debit Card
838,90,2023-02-01 19:20:49,Cash
839,71,2023-07-05 01:47:47,Debit Card
840,52,2023-01-26 15:41:50,Credit Card
841,36,2023-01-13 22:05:05,Debit Card
842,81,2023-01-14 09:49:55,Mobile Payment
843,96,2023-06-25 14:00:50,Cash
844,34,2023-01-22 11:17:43,Credit Card
845,6,2023-06-08 07:54:25,Cash
846,61,2023-06-27 18:08:48,Mobile Payment
847,14,2023-05-01 13:02:20,Debit Card
848,12,2023-03-05 18:02:17,Mobile Payment
849,44,2022-11-20 12:25:32,Debit Card
850,70,2022-09-29 23:45:58,Credit Card
851,75,2023-03-22 04:55:56,Mobile Payment
852,83,2022-10-06 02:42:19,Credit Card
853,67,2023-06-06 16:18:32,Mobile Payment
854,63,2023-02-13 19:51:53,Mobile Payment
855,17,2023-02-24 21:20:55,Mobile Payment
856,1,2023-05-08 23:46:02,Debit Card
857,14,2023-05-23 02:00:22,Credit Card
858,49,2023-02-24 15:53:31,Mobile Payment
859,23,2023-06-03 13:54:25,Debit Card
860,34,2023-01-09 11:36:20,Credit Card
861,1,2023-05-02 14:41:00,Credit Card
862,74,2023-01-22 04:09:33,Cash
863,26,2023-03-21 08:52:04,Mobile Payment
864,58,2023-07-11 23:57:08,Cash
865,59,2023-01-29 12:52:55,Debit Card
866,67,2022-10-23 21:23:59,Mobile Payment
867,15,2022-11-27 20:36:32,Cash
868,59,2022-11-29 15:07:03,Debit Card
869,29,2023-05-04 15:38:09,Debit Card
870,86,2023-06-17 22:08:46,Mobile Payment
871,67,2023-05-06 04:37:55,Credit Card
872,23,2023-06-28 00:56:02,Debit Card
873,73,2022-11-08 04:57:07,Cash
874,81,2022-12-18 14:24:57,Mobile Payment
875,36,2022-12-15 20:38:17,Credit Card
876,28,2022-09-26 10:16:44,Debit Card
877,99,2022-07-20 08:51:24,Debit Card
878,58,2023-03-06 15:57:52,Cash
879,8,2023-02-19 23:58:29,Credit Card
880,30,2023-06-01 02:02:20,Debit Card
881,11,2023-04-30 17:37:26,Credit Card
882,94,2023-01-21 21:16:29,Debit Card
883,72,2023-06-05 04:08:27,Credit Card
884,8,2023-03-17 23:05:31,Mobile Payment
885,66,2022-11-12 21:38:41,Mobile Payment
886,26,2022-07-27 15:31:02,Credit Card
887,14,2022-07-27 19:12:21,Mobile Payment
888,78,2022-09-27 17:04:46,Debit Card
889,65,2023-01-08 21:07:09,Mobile Payment
890,42,2023-01-19 20:57:05,Credit Card
891,45,2022-10-29 12:35:34,Debit Card
892,20,2022-07-30 03:37:59,Mobile Payment
893,68,2023-06-16 17:36:32,Credit Card
894,40,2023-02-13 05:22:32,Debit Card
895,66,2023-01-16 01:22:15,Credit Card
896,82,2023-01-29 14:50:52,Debit Card
897,60,2023-05-06 07:14:27,Debit Card
898,99,2023-03-18 05:37:09,Mobile Payment
899,6,2023-02-13 14:12:41,Mobile Payment
900,67,2023-05-04 07:14:14,Cash
901,76,2023-06-26 08:22:37,Cash
902,64,2022-08-17 09:57:15,Mobile Payment
903,70,2022-11-07 16:49:57,Debit Card
904,75,2022-07-19 20:39:28,Credit Card
905,5,2023-06-26 15:29:28,Debit Card
906,46,2023-03-28 13:30:47,Mobile Payment
907,33,2022-09-26 04:04:13,Debit Card
908,53,2022-11-21 19:42:11,Cash
909,49,2022-09-14 18:28:57,Credit Card
910,84,2023-06-03 12:29:49,Cash
911,87,2023-04-21 04:25:54,Mobile Payment
912,69,2022-09-16 23:37:15,Credit Card
913,22,2023-03-12 22:28:20,Cash
914,100,2023-05-29 13:14:56,Debit Card
915,77,2023-02-17 19:12:00,Credit Card
916,32,2022-10-14 07:25:13,Mobile Payment
917,97,2022-08-23 04:19:14,Cash
918,92,2023-05-13 01:29:29,Cash
919,62,2023-04-01 16:30:08,Cash
920,78,2023-05-06 22:22:29,Mobile Payment
921,31,2023-01-25 13:16:59,Credit Card
922,83,2022-08-31 14:55:12,Debit Card
923,76,2022-09-24 01:46:22,Debit Card
924,97,2023-01-11 12:17:40,Credit Card
925,55,2022-11-13 23:32:36,Cash
926,12,2023-01-15 09:29:37,Mobile Payment
927,83,2023-05-21 00:09:47,Mobile Payment
928,93,2023-06-07 22:27:25,Mobile Payment
929,19,2023-05-08 22:53:49,Cash
930,86,2023-05-09 00:11:23,Mobile Payment
931,68,2023-06-27 10:10:05,Mobile Payment
932,30,2022-12-23 12:24:12,Mobile Payment
933,34,2023-07-05 22:12:33,Mobile Payment
934,46,2022-07-14 18:06:56,Cash
935,43,2023-04-21 09:28:26,Debit Card
936,94,2022-08-17 09:03:41,Debit Card
937,76,2023-04-06 10:16:04,Credit Card
938,84,2023-06-13 18:38:53,Credit Card
939,57,2023-05-23 10:22:37,Debit Card
940,83,2023-06-04 16:28:15,Credit Card
941,36,2023-03-08 05:04:08,Mobile Payment
942,46,2022-10-12 09:00:06,Mobile Payment
943,48,2023-05-12 20:23:26,Debit Card
944,3,2022-09-17 13:20:24,Debit Card
945,4,2022-07-19 06:34:05,Debit Card
946,59,2023-04-03 23:33:09,Cash
947,4,2022-09-20 08:18:53,Debit Card
948,85,2022-10-27 07:01:18,Debit Card
949,39,2022-07-20 10:14:49,Credit Card
950,17,2022-11-23 02:13:31,Cash
951,96,2022-12-13 04:17:57,Debit Card
952,14,2023-05-26 23:48:34,Credit Card
953,12,2022-09-19 11:09:42,Credit Card
954,98,2023-05-30 03:56:27,Credit Card
955,94,2023-05-15 07:13:58,Mobile Payment
956,83,2023-05-12 02:40:43,Debit Card
957,75,2023-05-31 09:12:15,Cash
958,89,2023-06-15 07:44:19,Debit Card
959,21,2023-04-09 17:45:02,Debit Card
960,67,2022-10-28 05:53:52,Debit Card
961,82,2023-03-27 11:30:40,Mobile Payment
962,75,2022-12-28 23:00:54,Mobile Payment
963,29,2023-03-19 15:42:29,Cash
964,93,2022-12-22 14:20:04,Credit Card
965,74,2022-11-01 09:53:54,Mobile Payment
966,5,2022-11-20 10:35:40,Credit Card
967,80,2023-04-17 09:16:52,Debit Card
968,56,2023-06-26 23:45:45,Cash
969,93,2023-05-01 15:49:31,Credit Card
970,45,2022-09-25 20:39:28,Credit Card
971,13,2023-03-03 11:03:34,Debit Card
972,67,2022-11-08 02:20:15,Debit Card
973,96,2023-07-05 23:04:29,Credit Card
974,41,2023-03-06 22:32:42,Debit Card
975,64,2023-06-10 18:31:20,Mobile Payment
976,60,2023-04-17 08:42:18,Cash
977,99,2023-02-26 22:45:56,Mobile Payment
978,18,2022-10-28 00:56:32,Cash
979,73,2023-05-15 19:49:50,Cash
980,99,2023-01-27 14:11:28,Debit Card
981,31,2022-12-25 07:50:49,Cash
982,73,2022-12-25 06:32:25,Debit Card
983,15,2023-07-07 19:34:49,Credit Card
984,26,2023-07-05 10:04:53,Mobile Payment
985,14,2023-04-23 01:36:49,Cash
986,42,2022-12-11 15:05:54,Mobile Payment
987,23,2022-08-04 11:47:13,Mobile Payment
988,82,2023-03-15 20:17:06,Credit Card
989,69,2022-08-13 01:06:29,Cash
990,1,2022-08-06 05:29:28,Cash
991,23,2023-01-21 12:40:09,Debit Card
992,37,2023-02-07 15:37:47,Mobile Payment
993,98,2022-11-29 05:42:12,Credit Card
994,12,2022-10-21 06:25:40,Credit Card
995,53,2023-03-16 12:02:18,Debit Card
996,5,2023-06-15 22:31:16,Debit Card
997,72,2022-12-02 05:56:28,Debit Card
998,67,2023-02-11 01:18:37,Credit Card
999,77,2022-11-25 23:53:02,Debit Card
1000,16,2023-03-15 04:34:57,Credit Card
1001,25,2023-06-20 07:46:18,Cash
1002,3,2022-09-11 19:51:12,Mobile Payment
1003,98,2022-09-19 02:03:59,Debit Card
1004,82,2022-08-01 21:55:17,Mobile Payment
1005,36,2022-10-10 15:56:16,Debit Card
1006,15,2023-05-12 21:16:34,Debit Card
1007,75,2023-02-02 20:39:11,Cash
1008,50,2023-06-26 00:42:54,Mobile Payment
1009,54,2023-03-27 19:11:31,Cash
1010,49,2022-09-28 22:21:28,Mobile Payment
1011,72,2023-04-29 08:04:26,Mobile Payment
1012,75,2023-06-28 13:17:04,Debit Card
1013,62,2023-01-24 03:02:37,Mobile Payment
1014,32,2022-11-20 17:05:11,Credit Card
1015,80,2023-06-19 04:06:22,Cash
1016,89,2023-01-17 10:17:54,Cash
1017,18,2022-09-02 12:27:13,Debit Card
1018,60,2022-10-07 07:57:09,Cash
1019,17,2022-12-18 18:08:46,Debit Card
1020,89,2022-10-30 17:05:54,Debit Card
1021,87,2023-02-06 23:53:09,Cash
1022,45,2022-10-09 12:38:32,Mobile Payment
1023,75,2023-05-03 15:32:23,Cash
1024,22,2022-11-10 20:24:16,Debit Card
1025,56,2022-11-21 08:59:13,Debit Card
1026,65,2022-12-23 12:30:07,Debit Card
1027,71,2023-03-03 00:56:16,Mobile Payment
1028,59,2022-10-10 15:17:17,Cash
1029,49,2023-04-05 14:46:56,Debit Card
1030,52,2022-10-19 14:17:25,Credit Card
1031,93,2023-06-25 10:41:02,Debit Card
1032,81,2022-08-18 20:01:28,Debit Card
1033,52,2023-01-29 13:34:38,Debit Card
1034,62,2023-05-24 22:51:12,Credit Card
1035,8,2022-11-06 23:42:36,Credit Card
1036,70,2023-02-16 22:55:48,Debit Card
1037,2,2022-08-03 17:00:44,Credit Card
1038,1,2022-09-17 11:23:44,Credit Card
1039,100,2023-03-31 08:55:23,Credit Card
1040,70,2022-09-28 22:09:37,Credit Card
1041,12,2022-09-25 07:48:12,Mobile Payment
1042,72,2022-11-10 04:36:50,Cash
1043,67,2023-02-05 18:04:49,Debit Card
1044,52,2022-11-16 14:34:23,Credit Card
1045,64,2022-10-23 09:59:10,Debit Card
1046,82,2023-03-22 21:58:17,Debit Card
1047,98,2022-08-31 11:54:41,Debit Card
1048,48,2023-03-10 08:17:35,Cash
1049,76,2023-06-15 07:51:38,Mobile Payment
1050,56,2023-04-25 16:17:34,Debit Card
1051,52,2022-10-04 22:27:00,Mobile Payment
1052,80,2022-11-06 17:31:10,Mobile Payment
1053,34,2022-10-03 05:27:28,Credit Card
1054,93,2023-07-11 18:00:11,Debit Card
1055,53,2023-01-09 01:06:37,Credit Card
1056,23,2023-03-18 07:28:21,Credit Card
1057,15,2022-10-09 21:01:34,Credit Card
1058,5,2023-01-14 03:16:29,Credit Card
1059,96,2022-12-09 01:13:25,Mobile Payment
1060,39,2023-02-17 03:56:27,Debit Card
1061,46,2023-05-07 19:38:41,Debit Card
1062,98,2023-04-22 14:23:03,Mobile Payment
1063,72,2023-02-28 16:14:25,Mobile Payment
1064,69,2022-08-17 13:55:08,Credit Card
1065,43,2023-01-19 21:40:07,Cash
1066,30,2023-03-23 08:37:42,Cash
1067,60,2023-05-15 21:40:19,Debit Card
1068,10,2023-04-20 05:36:41,Cash
1069,96,2023-04-20 06:11:11,Cash
1070,53,2023-04-23 08:53:07,Mobile Payment
1071,54,2022-12-13 11:30:29,Debit Card
1072,7,2022-10-26 04:30:17,Credit Card
1073,23,2022-08-05 03:36:54,Mobile Payment
1074,17,2023-06-16 07:55:26,Mobile Payment
1075,93,2022-12-01 19:41:00,Debit Card
1076,16,2023-02-25 20:08:32,Debit Card
1077,39,2023-05-10 17:03:51,Mobile Payment
1078,10,2022-08-31 07:24:47,Mobile Payment
1079,29,2023-02-28 00:02:54,Debit Card
1080,53,2023-06-23 07:27:48,Mobile Payment
1081,14,2022-10-16 12:33:07,Cash
1082,72,2023-04-22 08:14:43,Mobile Payment
1083,56,2023-05-29 09:14:35,Cash
1084,55,2022-12-18 15:10:09,Debit Card
1085,44,2022-10-29 08:52:55,Mobile Payment
1086,59,2023-02-06 10:56:51,Credit Card
1087,88,2023-07-11 18:45:06,Credit Card
1088,55,2023-03-19 16:36:00,Mobile Payment
1089,83,2023-04-23 08:03:59,Credit Card
1090,66,2023-06-06 07:01:20,Credit Card
1091,96,2023-02-04 08:02:30,Mobile Payment
1092,51,2022-12-06 13:40:44,Mobile Payment
1093,91,2022-10-05 16:35:52,Cash
1094,49,2023-06-30 08:42:17,Cash
1095,45,2022-07-29 18:24:46,Cash
1096,30,2022-08-03 20:06:44,Credit Card
1097,35,2023-07-03 17:50:40,Credit Card
1098,98,2023-03-28 19:39:37,Cash
1099,17,2023-07-06 15:26:53,Credit Card
1100,94,2023-03-03 13:54:31,Debit Card
1101,1,2022-08-11 19:41:16,Credit Card
1102,4,2023-04-15 02:20:57,Debit Card
1103,52,2023-01-19 02:10:42,Credit Card
1104,83,2022-09-14 07:04:27,Credit Card
1105,12,2023-07-12 00:29:52,Mobile Payment
1106,70,2023-04-04 19:59:55,Cash
1107,97,2023-03-29 06:59:05,Cash
1108,36,2022-10-27 17:52:59,Credit Card
1109,70,2023-01-27 18:47:02,Mobile Payment
1110,41,2023-04-26 22:47:02,Credit Card
1111,51,2023-02-28 07:13:39,Debit Card
1112,89,2023-07-02 16:07:43,Credit Card
1113,75,2023-05-27 22:25:13,Debit Card
1114,76,2022-08-11 19:34:02,Cash
1115,64,2022-08-16 13:53:08,Cash
1116,99,2023-07-04 01:45:33,Cash
1117,26,2023-07-04 06:07:46,Credit Card
1118,38,2022-08-20 03:47:43,Cash
1119,100,2023-03-08 01:31:01,Mobile Payment
1120,28,2023-06-25 00:14:08,Cash
1121,70,2023-05-13 22:40:23,Cash
1122,100,2023-07-02 12:23:47,Mobile Payment
1123,76,2023-02-20 13:14:00,Cash
1124,83,2023-03-23 07:28:34,Mobile Payment
1125,60,2023-04-15 03:04:44,Credit Card
1126,16,2023-01-17 17:48:06,Debit Card
1127,91,2023-04-10 18:24:20,Mobile Payment
1128,11,2022-10-08 18:05:11,Credit Card
1129,13,2023-01-04 08:22:50,Mobile Payment
1130,81,2023-01-22 22:58:22,Credit Card
1131,100,2022-08-02 16:43:48,Credit Card
1132,95,2023-03-09 21:01:07,Mobile Payment
1133,46,2022-11-28 19:18:10,Cash
1134,1,2023-01-09 09:03:06,Debit Card
1135,75,2022-07-14 22:17:36,Cash
1136,5,2022-08-18 18:41:36,Debit Card
1137,1,2023-04-18 01:02:24,Credit Card
1138,77,2023-04-25 18:36:36,Cash
1139,51,2023-05-27 10:57:32,Credit Card
1140,54,2022-12-21 08:39:10,Credit Card
1141,76,2023-02-15 04:11:54,Mobile Payment
1142,73,2023-01-24 12:45:35,Credit Card
1143,76,2023-01-03 17:13:49,Credit Card
1144,33,2022-08-20 18:04:15,Credit Card
1145,32,2023-06-09 23:54:23,Debit Card
1146,16,2022-11-24 18:13:24,Mobile Payment
1147,40,2023-02-26 21:20:13,Debit Card
1148,86,2022-10-16 04:21:46,Cash
1149,51,2023-03-19 02:15:22,Debit Card
1150,14,2023-03-16 06:29:48,Mobile Payment
1151,17,2023-01-25 11:22:09,Mobile Payment
1152,92,2022-07-28 10:39:09,Mobile Payment
1153,79,2023-06-04 12:26:31,Mobile Payment
1154,8,2022-10-15 06:00:38,Debit Card
1155,20,2023-05-02 17:41:28,Debit Card
1156,39,2023-02-19 15:19:11,Credit Card
1157,63,2022-10-18 03:46:30,Mobile Payment
1158,52,2023-05-07 21:45:01,Credit Card
1159,6,2023-05-30 13:35:55,Mobile Payment
1160,90,2022-12-31 15:19:09,Debit Card
1161,87,2023-07-09 13:01:30,Credit Card
1162,69,2022-11-04 00:19:15,Cash
1163,31,2023-05-22 01:54:40,Cash
1164,32,2023-03-27 11:04:31,Debit Card
1165,89,2022-07-15 16:15:51,Mobile Payment
1166,7,2022-09-09 18:45:39,Mobile Payment
1167,5,2023-05-24 14:36:14,Credit Card
1168,66,2022-12-16 16:08:50,Debit Card
1169,74,2022-12-03 01:51:20,Mobile Payment
1170,81,2022-11-12 05:57:04,Mobile Payment
1171,69,2023-07-08 12:57:15,Cash
1172,69,2022-11-13 06:58:14,Mobile Payment
1173,1,2022-09-04 01:58:38,Debit Card
1174,23,2022-10-11 21:48:50,Mobile Payment
1175,13,2023-05-08 15:52:01,Debit Card
1176,19,2023-01-30 10:56:51,Credit Card
1177,100,2022-10-16 11:51:23,Debit Card
1178,15,2023-06-13 10:04:44,Cash
1179,46,2023-06-28 09:45:09,Debit Card
1180,86,2023-05-02 16:04:45,Credit Card
1181,39,2022-12-05 05:25:23,Cash
1182,10,2023-05-06 03:41:36,Credit Card
1183,42,2022-12-17 00:03:39,Cash
1184,49,2023-04-21 10:20:18,Debit Card
1185,68,2022-11-13 10:42:01,Cash
1186,14,2022-08-08 00:33:32,Credit Card
1187,79,2023-02-14 02:21:26,Mobile Payment
1188,56,2022-09-13 17:53:31,Mobile Payment
1189,8,2023-06-04 23:58:10,Cash
1190,58,2022-11-26 11:45:53,Cash
1191,26,2022-10-16 14:14:13,Cash
1192,58,2022-10-06 06:27:37,Credit Card
1193,16,2023-03-18 08:22:02,Cash
1194,1,2023-04-27 16:18:30,Credit Card
1195,37,2023-04-28 22:31:28,Cash
1196,68,2022-08-13 15:13:13,Cash
1197,36,2022-09-07 18:39:01,Mobile Payment
1198,75,2022-09-09 09:16:43,Mobile Payment
1199,6,2023-04-22 16:23:52,Cash
1200,77,2022-09-18 09:35:32,Credit Card
1201,31,2023-04-16 20:38:09,Cash
1202,68,2023-01-02 04:22:39,Credit Card
1203,51,2022-11-11 06:31:14,Credit Card
1204,58,2023-04-14 13:23:17,Cash
1205,80,2022-10-20 11:32:05,Mobile Payment
1206,79,2023-06-06 13:30:11,Mobile Payment
1207,50,2023-01-28 07:48:38,Mobile Payment
1208,44,2023-03-02 18:14:17,Cash
1209,56,2023-02-12 22:55:26,Credit Card
1210,65,2022-09-07 01:31:33,Mobile Payment
1211,20,2022-10-22 03:05:35,Cash
1212,28,2023-05-22 10:40:55,Credit Card
1213,89,2022-09-17 06:55:43,Mobile Payment
1214,59,2023-04-29 04:30:30,Mobile Payment
1215,41,2023-01-15 16:29:52,Cash
1216,14,2022-07-29 23:42:47,Mobile Payment
1217,21,2022-11-19 18:33:52,Credit Card
1218,24,2023-02-11 02:35:47,Debit Card
1219,18,2022-10-30 04:40:59,Credit Card
1220,34,2023-03-24 08:16:46,Credit Card
1221,19,2022-08-26 16:40:58,Credit Card
1222,37,2022-11-25 18:14:59,Mobile Payment
1223,59,2022-10-16 22:36:27,Mobile Payment
1224,95,2023-04-09 04:59:38,Cash
1225,3,2022-12-19 06:52:54,Debit Card
1226,36,2023-04-10 05:28:20,Credit Card
1227,37,2022-08-17 21:15:45,Credit Card
1228,56,2023-02-25 19:51:35,Cash
1229,20,2023-03-05 18:53:04,Mobile Payment
1230,9,2023-01-06 09:14:54,Debit Card
1231,24,2022-11-12 07:09:32,Mobile Payment
1232,44,2023-04-28 03:12:31,Mobile Payment
1233,3,2023-03-05 15:31:48,Mobile Payment
1234,8,2022-07-27 14:57:20,Mobile Payment
1235,21,2023-01-27 23:52:50,Cash
1236,8,2022-10-04 03:00:41,Debit Card
1237,57,2023-03-28 04:07:17,Debit Card
1238,49,2023-04-26 19:22:31,Mobile Payment
1239,11,2022-08-07 02:18:27,Mobile Payment
1240,55,2023-04-16 18:30:30,Credit Card
1241,81,2022-08-13 04:19:11,Debit Card
1242,65,2022-11-03 20:46:27,Cash
1243,68,2022-09-20 09:14:50,Credit Card
1244,40,2023-03-01 22:46:53,Mobile Payment
1245,80,2022-09-29 18:34:55,Cash
1246,32,2023-03-07 02:30:25,Credit Card
1247,65,2023-03-07 01:31:39,Mobile Payment
1248,63,2022-10-09 23:25:14,Mobile Payment
1249,44,2023-07-04 21:46:50,Mobile Payment
1250,48,2023-03-28 08:22:49,Mobile Payment
1251,38,2023-03-14 15:55:13,Debit Card
1252,77,2023-04-15 23:07:07,Credit Card
1253,21,2023-07-01 09:03:24,Mobile Payment
1254,43,2023-04-04 15:52:53,Cash
1255,97,2023-05-04 02:43:37,Debit Card
1256,95,2022-11-28 10:56:02,Debit Card
1257,58,2022-09-29 00:56:54,Debit Card
1258,42,2023-04-05 04:24:09,Mobile Payment
1259,85,2023-07-05 07:19:14,Mobile Payment
1260,77,2022-12-05 14:54:33,Debit Card
1261,75,2023-05-04 13:07:58,Cash
1262,8,2022-11-21 07:22:40,Cash
1263,76,2023-05-06 02:50:52,Mobile Payment
1264,70,2022-08-10 09:10:41,Mobile Payment
1265,7,2022-12-10 02:28:22,Debit Card
1266,43,2022-08-17 20:46:13,Debit Card
1267,92,2022-09-27 05:08:49,Cash
1268,90,2023-07-01 13:56:55,Cash
1269,37,2022-08-30 16:00:17,Cash
1270,69,2023-05-16 23:25:31,Cash
1271,44,2022-12-28 04:51:05,Mobile Payment
1272,49,2023-06-17 20:05:42,Mobile Payment
1273,5,2022-11-09 16:11:21,Credit Card
1274,38,2023-06-15 03:32:31,Mobile Payment
1275,70,2023-04-28 16:04:50,Credit Card
1276,73,2023-03-29 09:26:21,Credit Card
1277,79,2023-01-04 23:23:50,Credit Card
1278,87,2022-08-06 13:20:16,Mobile Payment
1279,89,2022-12-06 22:25:34,Mobile Payment
1280,58,2022-10-03 00:29:58,Cash
1281,76,2023-01-03 01:45:30,Mobile Payment
1282,12,2022-12-26 13:38:27,Cash
1283,37,2022-08-28 06:57:59,Credit Card
1284,74,2023-02-07 21:44:10,Mobile Payment
1285,48,2022-10-19 08:26:27,Cash
1286,53,2022-10-09 17:37:34,Debit Card
1287,40,2022-11-01 22:53:25,Credit Card
1288,65,2022-08-26 04:31:13,Mobile Payment
1289,70,2022-10-15 12:18:18,Debit Card
1290,80,2022-10-12 22:32:29,Debit Card
1291,88,2023-05-18 03:29:59,Cash
1292,19,2022-08-20 19:54:55,Debit Card
1293,55,2022-12-25 17:28:09,Mobile Payment
1294,10,2023-05-06 08:09:28,Cash
1295,23,2023-05-04 13:19:33,Credit Card
1296,42,2023-05-18 19:22:50,Mobile Payment
1297,18,2023-03-12 21:27:52,Debit Card
1298,17,2023-07-01 04:55:58,Debit Card
1299,86,2023-03-16 08:54:33,Cash
1300,44,2022-08-28 12:14:38,Debit Card
1301,51,2022-12-13 02:28:17,Credit Card
1302,56,2023-04-27 22:40:50,Credit Card
1303,34,2022-07-17 05:31:59,Cash
1304,86,2022-10-09 23:28:37,Credit Card
1305,75,2022-12-11 18:10:16,Cash
1306,50,2022-09-23 06:08:43,Credit Card
1307,80,2022-09-03 18:10:44,Debit Card
1308,25,2022-08-27 00:46:03,Credit Card
1309,32,2023-05-23 05:34:43,Cash
1310,37,2023-03-01 05:12:00,Debit Card
1311,21,2022-12-14 09:12:11,Cash
1312,53,2022-11-13 07:28:32,Credit Card
1313,64,2022-08-15 03:44:43,Credit Card
1314,53,2023-05-08 10:39:57,Debit Card
1315,59,2022-10-20 13:24:13,Debit Card
1316,100,2022-11-05 09:00:15,Debit Card
1317,7,2022-11-16 09:18:52,Debit Card
1318,44,2023-07-06 00:47:31,Debit Card
1319,84,2023-03-25 19:28:17,Mobile Payment
1320,77,2023-04-21 12:36:27,Cash
1321,32,2023-05-30 07:41:20,Mobile Payment
1322,3,2023-02-05 23:24:54,Mobile Payment
1323,25,2023-02-20 11:29:24,Debit Card
1324,44,2023-03-26 19:20:53,Credit Card
1325,63,2023-01-29 18:41:30,Mobile Payment
1326,66,2023-02-11 08:12:09,Credit Card
1327,30,2023-03-21 20:57:11,Cash
1328,31,2022-08-08 23:33:23,Mobile Payment
1329,27,2023-01-09 03:54:05,Debit Card
1330,6,2022-07-23 08:51:41,Mobile Payment
1331,99,2022-10-17 17:18:55,Credit Card
1332,57,2022-08-29 21:31:53,Cash
1333,74,2023-01-26 04:08:40,Cash
1334,9,2023-01-19 02:12:50,Cash
1335,58,2023-01-26 18:48:48,Credit Card
1336,78,2022-11-23 05:55:13,Credit Card
1337,96,2022-10-24 11:15:00,Mobile Payment
1338,49,2022-09-22 10:12:18,Cash
1339,88,2022-08-12 08:21:24,Credit Card
1340,41,2022-09-17 15:48:18,Cash
1341,14,2023-02-22 10:23:31,Credit Card
1342,67,2023-01-31 17:30:32,Mobile Payment
1343,87,2022-11-06 20:34:08,Cash
1344,45,2023-02-21 20:12:18,Mobile Payment
1345,54,2023-05-13 15:43:35,Mobile Payment
1346,18,2022-10-30 04:11:02,Mobile Payment
1347,70,2023-05-12 05:05:57,Credit Card
1348,62,2023-02-21 09:03:29,Cash
1349,80,2022-09-20 21:38:24,Credit Card
1350,58,2023-01-29 04:43:31,Cash
1351,47,2023-03-25 16:34:58,Mobile Payment
1352,89,2023-02-20 08:34:59,Mobile Payment
1353,20,2023-04-13 22:54:15,Credit Card
1354,5,2023-02-22 04:52:52,Debit Card
1355,1,2022-08-12 08:53:46,Credit Card
1356,65,2023-03-31 00:28:44,Debit Card
1357,75,2023-04-27 21:01:43,Mobile Payment
1358,94,2023-05-21 04:49:19,Mobile Payment
1359,89,2023-02-22 17:08:53,Debit Card
1360,10,2023-03-11 06:58:26,Credit Card
1361,12,2023-05-24 08:43:41,Debit Card
1362,85,2022-11-06 01:26:47,Cash
1363,61,2022-12-03 14:32:05,Mobile Payment
1364,66,2023-01-27 20:04:49,Mobile Payment
1365,12,2022-10-12 16:33:46,Debit Card
1366,6,2023-03-24 11:27:57,Mobile Payment
1367,91,2023-05-03 20:49:27,Credit Card
1368,14,2023-05-08 16:32:47,Mobile Payment
1369,4,2023-06-20 18:40:11,Debit Card
1370,97,2023-06-28 17:44:44,Credit Card
1371,97,2022-09-03 09:26:46,Debit Card
1372,5,2022-07-29 20:10:26,Cash
1373,37,2022-10-21 02:32:47,Debit Card
1374,66,2022-12-01 11:37:23,Cash
1375,34,2023-01-20 18:08:11,Cash
1376,92,2022-09-09 18:18:39,Mobile Payment
1377,57,2023-04-03 18:30:25,Debit Card
1378,44,2023-02-25 22:46:46,Cash
1379,91,2023-02-02 07:33:51,Debit Card
1380,22,2023-02-13 10:33:47,Debit Card
1381,41,2023-05-02 12:02:46,Credit Card
1382,23,2023-05-28 06:03:35,Cash
1383,100,2023-06-22 13:02:39,Cash
1384,79,2023-01-15 01:43:11,Debit Card
1385,76,2022-08-20 11:48:57,Cash
1386,85,2022-07-22 07:10:22,Debit Card
1387,56,2022-12-31 16:45:40,Debit Card
1388,16,2022-08-05 11:17:30,Mobile Payment
1389,67,2023-02-17 05:08:14,Cash
1390,83,2023-06-12 20:47:27,Mobile Payment
1391,74,2022-10-01 06:36:39,Debit Card
1392,95,2022-07-13 04:54:57,Mobile Payment
1393,88,2023-04-30 14:45:35,Debit Card
1394,55,2023-06-16 22:54:29,Credit Card
1395,50,2022-07-26 10:54:30,Debit Card
1396,57,2022-12-19 13:35:08,Mobile Payment
1397,26,2022-08-03 20:42:09,Mobile Payment
1398,8,2023-06-10 05:31:49,Credit Card
1399,11,2023-07-07 05:59:03,Mobile Payment
1400,88,2023-04-11 05:26:54,Mobile Payment
1401,39,2023-04-20 18:41:05,Credit Card
1402,69,2023-03-12 20:10:16,Debit Card
1403,53,2022-08-13 09:31:31,Debit Card
1404,17,2022-10-23 19:23:51,Cash
1405,78,2023-05-05 23:26:38,Debit Card
1406,33,2022-07-19 12:06:40,Debit Card
1407,72,2023-01-06 11:31:57,Mobile Payment
1408,98,2022-07-29 22:30:00,Debit Card
1409,32,2023-06-23 19:37:06,Cash
1410,99,2022-12-02 10:05:57,Mobile Payment
1411,29,2023-06-24 07:26:45,Mobile Payment
1412,59,2022-08-18 22:01:14,Mobile Payment
1413,46,2022-07-16 08:02:36,Mobile Payment
1414,81,2022-11-14 03:26:54,Credit Card
1415,8,2022-11-07 22:50:11,Debit Card
1416,55,2022-12-21 10:08:16,Debit Card
1417,91,2022-12-27 00:37:42,Debit Card
1418,26,2022-08-31 22:42:00,Cash
1419,88,2023-03-09 00:28:15,Cash
1420,7,2023-03-09 01:42:09,Credit Card
1421,31,2022-08-02 02:16:02,Mobile Payment
1422,12,2023-03-09 18:08:36,Debit Card
1423,24,2023-05-06 09:02:52,Debit Card
1424,85,2023-01-02 03:47:31,Cash
1425,72,2023-01-04 21:13:51,Debit Card
1426,65,2023-03-07 23:04:40,Credit Card
1427,79,2023-05-10 17:00:30,Debit Card
1428,75,2023-06-10 15:24:00,Debit Card
1429,7,2022-10-24 23:04:24,Debit Card
1430,84,2023-04-24 21:02:25,Debit Card
1431,68,2023-01-02 10:48:38,Cash
1432,93,2023-04-29 10:58:11,Mobile Payment
1433,96,2023-03-25 20:17:26,Mobile Payment
1434,4,2022-11-30 00:40:43,Credit Card
1435,38,2023-07-04 02:42:55,Credit Card
1436,72,2023-03-27 07:20:22,Mobile Payment
1437,73,2023-05-14 12:49:51,Credit Card
1438,45,2022-08-18 16:30:04,Cash
1439,5,2022-08-27 05:25:22,Debit Card
1440,70,2022-08-11 00:24:41,Mobile Payment
1441,12,2022-09-30 14:03:57,Credit Card
1442,20,2023-01-23 10:23:42,Debit Card
1443,33,2022-07-28 22:14:54,Mobile Payment
1444,81,2023-03-09 15:49:45,Debit Card
1445,42,2023-04-01 12:12:09,Cash
1446,46,2023-01-11 23:15:26,Mobile Payment
1447,71,2022-10-25 13:10:47,Cash
1448,87,2023-01-30 11:05:15,Cash
1449,99,2022-12-19 06:44:24,Mobile Payment
1450,66,2022-10-14 08:22:53,Cash
1451,31,2022-10-01 19:51:56,Credit Card
1452,48,2023-04-27 14:18:33,Credit Card
1453,98,2023-03-19 08:37:47,Cash
1454,66,2022-09-23 23:02:02,Credit Card
1455,34,2022-10-28 01:14:25,Cash
1456,66,2022-07-15 15:12:30,Credit Card
1457,47,2023-05-24 06:45:18,Credit Card
1458,19,2023-01-18 00:50:11,Cash
1459,58,2023-02-26 06:53:55,Debit Card
1460,78,2023-05-27 06:02:10,Mobile Payment
1461,24,2022-12-04 00:03:14,Credit Card
1462,64,2022-07-30 12:39:08,Mobile Payment
1463,17,2023-03-13 06:43:20,Cash
1464,8,2022-11-24 09:46:01,Mobile Payment
1465,99,2022-10-27 06:56:41,Debit Card
1466,35,2023-06-22 05:41:05,Cash
1467,35,2023-04-28 05:52:34,Cash
1468,5,2023-06-17 10:37:24,Credit Card
1469,93,2023-05-12 09:37:59,Credit Card
1470,62,2023-04-03 16:45:01,Debit Card
1471,41,2022-10-10 11:42:56,Cash
1472,81,2023-04-24 09:15:14,Debit Card
1473,21,2023-05-29 19:14:12,Debit Card
1474,74,2022-11-25 09:59:36,Mobile Payment
1475,60,2023-02-13 12:21:59,Mobile Payment
1476,38,2023-05-17 13:58:39,Cash
1477,36,2022-08-02 19:33:34,Debit Card
1478,95,2022-11-06 09:30:43,Cash
1479,38,2023-04-21 00:18:42,Credit Card
1480,51,2023-05-12 07:27:16,Debit Card
1481,38,2023-01-24 18:45:38,Mobile Payment
1482,18,2022-11-18 02:54:20,Debit Card
1483,51,2022-12-18 14:49:51,Debit Card
1484,49,2022-11-19 01:01:50,Credit Card
1485,58,2022-12-18 14:20:35,Mobile Payment
1486,54,2023-03-01 14:00:00,Mobile Payment
1487,36,2022-08-20 09:13:36,Credit Card
1488,50,2022-07-29 23:31:43,Credit Card
1489,15,2022-07-23 03:15:48,Credit Card
1490,41,2023-07-08 06:07:08,Debit Card
1491,6,2023-05-17 01:48:25,Mobile Payment
1492,39,2023-05-20 09:26:04,Credit Card
1493,93,2022-12-24 00:07:03,Credit Card
1494,91,2023-05-09 12:57:46,Credit Card
1495,66,2022-10-22 02:35:02,Credit Card
1496,60,2022-09-04 05:19:17,Mobile Payment
1497,90,2023-02-11 05:57:50,Credit Card
1498,85,2023-03-29 17:47:39,Mobile Payment
1499,11,2022-08-24 20:17:50,Credit Card
1500,70,2023-03-12 12:28:28,Credit Card
1501,63,2023-03-21 08:17:47,Credit Card
1502,57,2022-07-17 18:23:40,Mobile Payment
1503,66,2023-02-01 05:11:17,Credit Card
1504,60,2023-02-10 18:33:53,Debit Card
1505,46,2023-05-31 11:16:08,Debit Card
1506,5,2023-04-23 05:25:26,Cash
1507,35,2023-06-18 03:57:08,Credit Card
1508,36,2022-12-16 14:56:32,Debit Card
1509,49,2022-10-14 07:48:19,Credit Card
1510,80,2023-01-24 09:46:59,Debit Card
1511,42,2022-10-14 02:47:20,Mobile Payment
1512,49,2023-04-26 17:56:35,Mobile Payment
1513,68,2023-01-17 06:25:21,Mobile Payment
1514,77,2023-01-26 03:18:30,Mobile Payment
1515,71,2022-08-19 15:55:57,Cash
1516,84,2023-02-04 15:38:08,Cash
1517,67,2022-07-27 19:09:54,Credit Card
1518,1,2023-04-25 15:21:03,Cash
1519,74,2022-08-27 02:14:36,Mobile Payment
1520,82,2022-07-29 02:35:10,Debit Card
1521,22,2023-01-23 14:31:25,Mobile Payment
1522,72,2023-01-30 11:48:30,Credit Card
1523,50,2022-10-15 14:31:45,Credit Card
1524,12,2022-10-31 08:57:07,Debit Card
1525,85,2023-06-20 09:22:25,Mobile Payment
1526,12,2023-04-05 10:04:25,Mobile Payment
1527,80,2023-02-06 13:40:04,Mobile Payment
1528,63,2023-05-03 09:11:36,Credit Card
1529,88,2022-07-16 08:30:55,Cash
1530,64,2022-12-10 00:55:16,Debit Card
1531,80,2023-06-22 17:22:10,Debit Card
1532,20,2022-08-26 13:24:23,Cash
1533,20,2022-08-15 13:28:22,Credit Card
1534,34,2023-06-24 07:06:10,Debit Card
1535,21,2022-12-22 10:00:12,Mobile Payment
1536,86,2023-04-22 10:57:22,Debit Card
1537,80,2023-05-08 05:06:17,Mobile Payment
1538,43,2023-03-14 15:52:12,Credit Card
1539,8,2022-11-21 17:33:21,Mobile Payment
1540,35,2022-12-02 23:21:33,Cash
1541,14,2023-04-25 06:37:05,Mobile Payment
1542,24,2022-12-03 20:51:44,Debit Card
1543,92,2023-05-30 18:14:59,Debit Card
1544,36,2023-05-18 09:56:29,Cash
1545,50,2023-02-08 10:59:46,Mobile Payment
1546,71,2022-09-28 11:04:43,Mobile Payment
1547,89,2022-11-14 12:10:10,Credit Card
1548,80,2022-09-05 16:52:06,Credit Card
1549,69,2022-09-09 04:16:21,Mobile Payment
1550,7,2023-06-27 14:11:52,Credit Card
1551,72,2022-12-17 05:22:06,Debit Card
1552,66,2023-03-09 20:40:29,Credit Card
1553,86,2023-04-22 00:44:49,Debit Card
1554,69,2023-03-06 13:41:06,Mobile Payment
1555,77,2022-11-04 09:10:18,Cash
1556,44,2022-10-29 12:24:54,Cash
1557,48,2023-06-04 07:00:14,Cash
1558,53,2022-10-23 22:14:02,Credit Card
1559,31,2022-07-24 07:07:47,Debit Card
1560,76,2022-12-27 07:09:14,Cash
1561,23,2023-02-11 04:03:04,Cash
1562,4,2022-09-13 21:26:22,Credit Card
1563,94,2023-03-23 20:16:27,Debit Card
1564,4,2022-11-09 16:30:58,Debit Card
1565,50,2023-06-26 17:25:32,Debit Card
1566,23,2022-12-08 11:52:37,Debit Card
1567,67,2022-11-14 12:00:39,Credit Card
1568,38,2022-08-20 06:21:06,Credit Card
1569,19,2023-02-06 01:53:56,Credit Card
1570,57,2023-06-08 03:06:36,Mobile Payment
1571,86,2023-03-07 16:53:01,Cash
1572,60,2022-12-20 20:55:21,Mobile Payment
1573,68,2022-08-25 02:07:42,Credit Card
1574,40,2023-05-26 08:30:13,Debit Card
1575,5,2022-09-10 07:27:06,Mobile Payment
1576,77,2022-08-14 01:11:58,Credit Card
1577,53,2022-09-22 10:24:49,Credit Card
1578,50,2022-11-17 22:57:25,Debit Card
1579,97,2022-11-17 20:49:20,Debit Card
1580,83,2022-12-23 08:55:47,Debit Card
1581,60,2022-09-08 20:36:42,Mobile Payment
1582,36,2023-06-24 07:13:38,Debit Card
1583,71,2022-08-21 03:51:08,Cash
1584,93,2022-08-22 21:50:43,Mobile Payment
1585,88,2022-12-04 20:11:44,Debit Card
1586,25,2023-04-12 14:52:01,Debit Card
1587,92,2023-05-16 09:05:01,Debit Card
1588,19,2023-04-29 21:37:54,Mobile Payment
1589,17,2023-01-12 09:17:41,Cash
1590,37,2023-07-01 03:23:17,Credit Card
1591,49,2022-10-18 01:34:12,Cash
1592,49,2022-08-13 17:36:57,Credit Card
1593,64,2023-05-07 14:55:44,Mobile Payment
1594,2,2023-03-08 12:44:50,Cash
1595,53,2022-07-17 06:05:31,Mobile Payment
1596,15,2023-01-06 16:37:34,Cash
1597,28,2023-03-19 07:29:27,Mobile Payment
1598,14,2022-09-13 12:02:28,Debit Card
1599,51,2022-07-21 23:11:30,Debit Card
1600,78,2023-06-05 09:16:18,Debit Card
1601,27,2023-06-13 10:48:55,Cash
1602,21,2023-07-01 22:17:27,Debit Card
1603,15,2022-07-22 02:57:50,Debit Card
1604,84,2022-12-28 03:40:16,Debit Card
1605,91,2023-05-14 04:01:39,Mobile Payment
1606,18,2022-09-03 23:35:52,Cash
1607,86,2022-09-02 06:56:15,Credit Card
1608,33,2023-01-25 05:51:13,Mobile Payment
1609,89,2023-07-02 17:48:31,Cash
1610,72,2023-04-23 17:04:11,Cash
1611,92,2022-11-17 02:54:35,Mobile Payment
1612,73,2022-09-03 22:04:03,Cash
1613,47,2023-05-18 12:21:30,Credit Card
1614,87,2022-12-30 19:59:36,Debit Card
1615,14,2022-12-07 20:22:17,Credit Card
1616,48,2023-06-15 12:15:25,Debit Card
1617,31,2023-05-29 05:02:48,Credit Card
1618,3,2023-03-13 05:56:27,Mobile Payment
1619,26,2022-10-20 08:01:08,Debit Card
1620,78,2023-06-20 18:31:00,Cash
1621,95,2023-03-21 15:18:16,Credit Card
1622,40,2023-06-30 00:55:22,Debit Card
1623,95,2022-12-26 19:12:53,Mobile Payment
1624,46,2023-01-29 00:51:28,Credit Card
1625,65,2023-04-22 12:09:09,Cash
1626,36,2022-08-13 17:05:16,Cash
1627,47,2023-04-27 18:53:55,Cash
1628,4,2022-09-14 15:28:35,Debit Card
1629,46,2022-10-06 20:55:33,Mobile Payment
1630,78,2022-10-05 11:40:22,Credit Card
1631,10,2022-11-08 08:54:48,Mobile Payment
1632,24,2022-08-23 10:05:20,Credit Card
1633,73,2023-06-30 20:18:02,Credit Card
1634,46,2023-03-23 08:30:26,Credit Card
1635,59,2022-11-21 14:50:18,Mobile Payment
1636,17,2022-12-14 19:01:46,Mobile Payment
1637,61,2022-12-30 06:58:07,Credit Card
1638,38,2022-08-16 11:37:17,Debit Card
1639,46,2022-10-29 20:46:09,Cash
1640,35,2022-12-12 18:28:55,Credit Card
1641,8,2023-02-20 15:39:01,Credit Card
1642,96,2023-03-11 06:49:57,Credit Card
1643,71,2023-01-26 07:57:26,Mobile Payment
1644,74,2023-01-09 09:26:37,Debit Card
1645,28,2023-01-20 05:24:41,Credit Card
1646,75,2022-12-18 03:29:43,Credit Card
1647,8,2022-08-01 09:12:18,Cash
1648,89,2023-02-25 16:29:07,Mobile Payment
1649,16,2022-09-23 07:47:33,Credit Card
1650,32,2023-07-08 22:53:52,Cash
1651,100,2023-02-01 06:54:31,Mobile Payment
1652,100,2023-06-24 17:34:48,Mobile Payment
1653,63,2022-08-25 01:01:11,Cash
1654,90,2023-03-19 14:09:09,Debit Card
1655,74,2022-10-05 18:02:14,Credit Card
1656,47,2022-08-17 05:04:59,Credit Card
1657,40,2023-01-22 16:33:28,Credit Card
1658,64,2022-07-28 01:56:05,Cash
1659,31,2022-10-28 04:28:19,Mobile Payment
1660,30,2023-07-08 07:07:43,Credit Card
1661,20,2022-12-22 07:47:05,Mobile Payment
1662,34,2022-12-13 07:11:46,Debit Card
1663,79,2022-08-31 13:43:41,Cash
1664,72,2023-02-10 02:01:16,Credit Card
1665,17,2023-04-13 18:05:35,Credit Card
1666,76,2023-07-12 22:58:46,Mobile Payment
1667,91,2023-02-19 01:55:03,Debit Card
1668,29,2023-06-27 10:10:14,Debit Card
1669,7,2023-01-07 12:46:54,Credit Card
1670,24,2022-08-05 11:49:05,Mobile Payment
1671,82,2022-09-03 15:13:24,Mobile Payment
1672,93,2022-08-23 01:22:47,Credit Card
1673,64,2023-03-20 10:46:14,Mobile Payment
1674,41,2023-06-12 10:18:34,Debit Card
1675,36,2023-06-08 07:25:21,Credit Card
1676,93,2022-11-13 04:35:58,Cash
1677,52,2022-10-05 15:57:32,Credit Card
1678,18,2023-03-02 06:58:03,Credit Card
1679,51,2023-01-18 15:42:09,Mobile Payment
1680,51,2022-09-26 00:41:39,Debit Card
1681,30,2023-02-07 16:54:25,Cash
1682,77,2023-04-21 12:35:00,Mobile Payment
1683,86,2022-11-11 19:44:03,Cash
1684,6,2023-05-25 17:00:27,Cash
1685,43,2022-10-05 20:20:50,Debit Card
1686,5,2022-11-22 03:14:19,Debit Card
1687,43,2022-10-04 16:54:08,Credit Card
1688,25,2023-05-05 14:00:56,Cash
1689,8,2023-06-01 02:11:58,Cash
1690,26,2023-05-09 09:50:18,Mobile Payment
1691,40,2023-06-10 11:52:29,Mobile Payment
1692,79,2022-12-19 09:23:26,Cash
1693,45,2022-07-31 15:51:39,Credit Card
1694,18,2023-03-11 11:01:29,Cash
1695,68,2022-07-30 23:52:52,Cash
1696,30,2023-03-18 03:56:54,Cash
1697,55,2022-10-09 04:39:34,Debit Card
1698,46,2023-02-11 09:29:29,Debit Card
1699,100,2022-08-21 08:03:02,Cash
1700,98,2022-11-04 10:26:28,Cash
1701,61,2022-09-06 13:33:13,Cash
1702,85,2023-02-12 13:05:45,Cash
1703,23,2022-12-22 15:56:03,Debit Card
1704,51,2022-10-31 11:44:07,Credit Card
1705,47,2023-02-09 09:32:33,Credit Card
1706,91,2022-08-14 03:27:23,Debit Card
1707,57,2023-05-03 04:24:58,Cash
1708,3,2023-05-16 23:30:19,Debit Card
1709,45,2022-07-30 10:25:43,Credit Card
1710,47,2022-10-21 09:17:54,Cash
1711,19,2022-09-08 07:07:17,Cash
1712,3,2022-08-09 06:16:17,Mobile Payment
1713,2,2023-05-23 00:33:41,Credit Card
1714,59,2022-10-11 15:05:06,Credit Card
1715,83,2023-04-05 02:57:25,Debit Card
1716,65,2022-09-28 17:20:28,Debit Card
1717,16,2022-12-27 15:03:19,Cash
1718,15,2023-06-04 11:21:46,Credit Card
1719,82,2022-12-27 06:19:45,Debit Card
1720,51,2023-06-04 10:13:36,Credit Card
1721,61,2022-07-15 01:22:16,Credit Card
1722,46,2023-06-10 03:26:37,Mobile Payment
1723,11,2023-07-11 15:54:06,Cash
1724,81,2023-02-15 01:38:50,Mobile Payment
1725,69,2023-06-12 09:23:03,Mobile Payment
1726,11,2023-03-10 08:25:46,Credit Card
1727,55,2023-02-21 00:19:22,Mobile Payment
1728,56,2022-08-16 05:32:29,Credit Card
1729,53,2022-07-27 01:59:52,Cash
1730,91,2023-02-22 13:28:27,Cash
1731,76,2023-03-23 05:51:15,Cash
1732,49,2023-02-24 23:17:21,Cash
1733,55,2023-03-11 12:31:39,Credit Card
1734,33,2022-09-24 19:10:04,Credit Card
1735,76,2023-06-13 07:31:28,Credit Card
1736,45,2022-12-20 23:42:52,Debit Card
1737,2,2022-08-10 07:35:49,Cash
1738,73,2022-10-11 11:02:25,Debit Card
1739,71,2022-07-15 21:03:43,Credit Card
1740,63,2023-02-06 17:45:47,Credit Card
1741,36,2022-08-07 06:45:43,Debit Card
1742,78,2022-07-22 14:11:14,Mobile Payment
1743,29,2023-01-06 18:19:43,Cash
1744,90,2023-03-21 05:17:14,Cash
1745,64,2022-10-16 05:38:01,Credit Card
1746,28,2023-01-07 23:07:26,Cash
1747,83,2023-03-19 05:09:29,Mobile Payment
1748,23,2023-01-04 11:41:37,Debit Card
1749,11,2023-05-12 23:47:47,Credit Card
1750,58,2023-03-13 21:50:16,Cash
1751,24,2023-04-22 21:24:54,Mobile Payment
1752,58,2022-09-28 11:39:59,Mobile Payment
1753,31,2023-06-05 11:25:27,Mobile Payment
1754,47,2022-09-13 01:59:23,Debit Card
1755,4,2023-05-21 16:27:13,Credit Card
1756,7,2023-04-21 22:19:40,Mobile Payment
1757,4,2023-02-07 08:50:20,Mobile Payment
1758,81,2023-05-07 13:11:52,Debit Card
1759,81,2023-06-15 16:44:46,Credit Card
1760,36,2022-10-19 16:13:50,Cash
1761,83,2023-03-30 08:29:20,Credit Card
1762,43,2023-05-10 00:23:55,Mobile Payment
1763,91,2023-05-20 05:46:53,Debit Card
1764,87,2023-01-29 09:01:05,Cash
1765,96,2022-10-18 02:05:16,Cash
1766,45,2023-03-22 15:00:59,Cash
1767,15,2023-06-16 22:34:10,Mobile Payment
1768,14,2023-03-11 00:03:36,Debit Card
1769,63,2023-07-13 01:45:30,Cash
1770,28,2022-12-28 09:37:00,Credit Card
1771,28,2023-05-18 01:47:40,Debit Card
1772,86,2023-03-06 02:59:19,Cash
1773,50,2023-06-01 23:50:43,Cash
1774,30,2022-08-28 08:34:52,Debit Card
1775,51,2023-06-27 09:13:54,Cash
1776,75,2022-11-18 18:07:56,Mobile Payment
1777,50,2023-07-03 14:45:27,Cash
1778,43,2023-04-06 18:12:26,Cash
1779,50,2023-03-25 23:14:24,Mobile Payment
1780,98,2023-01-17 08:16:58,Mobile Payment
1781,98,2022-10-15 00:37:27,Credit Card
1782,24,2022-09-07 04:20:19,Credit Card
1783,56,2022-08-01 06:24:36,Credit Card
1784,75,2023-05-30 12:38:28,Debit Card
1785,87,2022-10-28 20:33:33,Mobile Payment
1786,30,2022-12-28 06:31:30,Mobile Payment
1787,3,2023-01-22 16:04:18,Mobile Payment
1788,100,2023-01-09 19:28:05,Mobile Payment
1789,25,2023-02-26 22:50:56,Cash
1790,10,2022-12-12 19:11:41,Cash
1791,99,2023-06-01 22:11:49,Debit Card
1792,33,2023-04-25 20:31:07,Cash
1793,50,2022-11-13 15:52:11,Debit Card
1794,88,2023-01-18 12:22:42,Debit Card
1795,32,2022-09-05 09:24:03,Mobile Payment
1796,65,2022-10-04 08:31:44,Cash
1797,59,2023-04-25 11:55:32,Credit Card
1798,70,2023-01-10 12:31:58,Debit Card
1799,18,2023-01-17 23:56:38,Cash
1800,61,2022-09-19 17:08:20,Mobile Payment
1801,100,2022-10-18 06:13:05,Debit Card
1802,53,2022-09-25 19:55:50,Credit Card
1803,3,2022-07-19 09:48:08,Debit Card
1804,29,2022-12-28 01:36:18,Cash
1805,51,2023-01-12 11:29:41,Cash
1806,44,2022-08-04 09:22:41,Debit Card
1807,15,2022-12-13 20:24:28,Credit Card
1808,81,2023-05-15 22:26:03,Mobile Payment
1809,93,2023-01-03 13:30:26,Credit Card
1810,73,2023-04-25 02:29:01,Debit Card
1811,48,2023-07-02 15:10:07,Debit Card
1812,64,2023-02-08 10:09:24,Mobile Payment
1813,72,2023-06-05 10:59:00,Mobile Payment
1814,93,2022-12-12 01:58:47,Cash
1815,24,2022-07-26 21:40:27,Credit Card
1816,9,2023-01-27 10:12:25,Debit Card
1817,77,2023-04-17 23:16:36,Mobile Payment
1818,54,2023-04-14 21:53:03,Cash
1819,21,2022-10-03 12:40:01,Mobile Payment
1820,90,2023-03-07 05:49:25,Cash
1821,31,2023-01-25 08:19:00,Mobile Payment
1822,96,2023-01-29 21:37:22,Debit Card
1823,22,2023-02-16 17:29:46,Mobile Payment
1824,31,2022-10-15 15:52:07,Credit Card
1825,68,2022-10-10 13:21:08,Mobile Payment
1826,23,2023-01-03 08:44:29,Mobile Payment
1827,14,2022-11-26 08:24:54,Debit Card
1828,67,2023-01-21 07:51:51,Mobile Payment
1829,29,2022-10-29 18:18:00,Credit Card
1830,53,2023-01-22 19:25:41,Credit Card
1831,94,2023-02-18 01:39:18,Credit Card
1832,35,2023-02-24 07:11:58,Cash
1833,26,2023-07-07 13:41:49,Cash
1834,86,2023-05-21 16:45:35,Credit Card
1835,54,2022-07-19 11:54:57,Cash
1836,72,2023-06-16 11:51:21,Mobile Payment
1837,3,2022-10-13 17:15:06,Credit Card
1838,81,2023-05-30 19:32:21,Debit Card
1839,17,2023-05-02 16:59:31,Cash
1840,31,2022-10-25 03:33:45,Debit Card
1841,36,2022-12-10 20:41:16,Cash
1842,2,2022-07-23 22:38:08,Credit Card
1843,42,2023-06-13 03:58:43,Cash
1844,91,2022-07-19 23:32:52,Credit Card
1845,49,2022-10-17 07:03:15,Debit Card
1846,58,2022-09-07 04:55:40,Debit Card
1847,43,2023-07-04 08:34:18,Debit Card
1848,43,2023-06-22 09:53:34,Mobile Payment
1849,15,2023-05-31 05:09:13,Mobile Payment
1850,65,2023-07-09 10:56:01,Cash
1851,46,2023-05-10 08:24:39,Mobile Payment
1852,45,2023-01-07 19:17:53,Credit Card
1853,54,2022-09-29 04:58:50,Credit Card
1854,28,2022-08-31 12:47:08,Credit Card
1855,14,2022-10-05 06:43:17,Debit Card
1856,34,2023-04-21 21:36:17,Mobile Payment
1857,64,2022-09-04 00:58:43,Credit Card
1858,88,2023-05-04 03:24:02,Cash
1859,96,2023-04-13 10:36:00,Cash
1860,38,2022-10-15 17:05:24,Cash
1861,19,2023-01-29 19:35:44,Debit Card
1862,80,2022-09-23 11:09:20,Cash
1863,91,2022-07-18 09:12:06,Cash
1864,68,2023-03-13 23:35:06,Mobile Payment
1865,8,2023-06-30 21:16:27,Debit Card
1866,54,2022-09-20 07:03:57,Debit Card
1867,12,2023-04-15 20:14:10,Credit Card
1868,98,2023-01-15 07:51:37,Credit Card
1869,9,2022-10-08 06:15:15,Cash
1870,69,2023-03-22 17:04:15,Cash
1871,45,2023-04-29 23:21:30,Debit Card
1872,25,2022-08-21 17:31:11,Credit Card
1873,75,2023-05-24 00:18:04,Mobile Payment
1874,29,2023-06-28 08:13:13,Mobile Payment
1875,53,2022-12-10 11:00:08,Credit Card
1876,97,2023-03-30 22:19:23,Cash
1877,15,2023-05-12 04:38:06,Mobile Payment
1878,44,2023-01-31 05:22:04,Cash
1879,73,2023-06-22 04:03:33,Mobile Payment
1880,10,2022-10-06 05:23:34,Credit Card
1881,51,2023-06-22 23:41:21,Credit Card
1882,100,2022-09-22 15:39:38,Mobile Payment
1883,3,2022-12-14 14:53:40,Debit Card
1884,64,2022-09-04 01:37:00,Credit Card
1885,94,2023-01-05 16:28:01,Cash
1886,30,2023-02-18 01:15:47,Credit Card
1887,74,2023-01-15 06:12:08,Credit Card
1888,97,2023-05-23 06:29:35,Mobile Payment
1889,70,2023-04-01 00:57:13,Credit Card
1890,26,2023-01-21 04:32:42,Debit Card
1891,43,2022-12-04 22:05:52,Mobile Payment
1892,99,2023-04-03 13:22:58,Debit Card
1893,2,2023-01-25 13:28:33,Mobile Payment
1894,60,2023-03-28 09:35:30,Debit Card
1895,79,2022-09-27 23:23:34,Credit Card
1896,1,2023-02-05 18:39:22,Credit Card
1897,16,2022-07-18 08:21:42,Debit Card
1898,74,2023-03-17 22:40:57,Credit Card
1899,97,2023-01-08 16:14:51,Credit Card
1900,14,2022-10-20 04:56:50,Cash
1901,81,2023-05-15 06:45:07,Debit Card
1902,68,2023-01-27 21:50:41,Credit Card
1903,54,2022-10-11 20:25:41,Credit Card
1904,12,2023-03-18 18:28:05,Credit Card
1905,81,2022-12-27 02:40:33,Cash
1906,58,2023-04-07 03:44:35,Debit Card
1907,79,2023-06-13 03:34:57,Cash
1908,63,2022-11-22 08:53:14,Mobile Payment
1909,28,2022-07-29 21:34:54,Mobile Payment
1910,66,2023-01-03 17:01:58,Mobile Payment
1911,67,2023-02-20 12:46:53,Cash
1912,66,2023-02-18 07:59:24,Cash
1913,2,2023-05-11 10:42:37,Debit Card
1914,37,2022-07-28 00:04:05,Credit Card
1915,35,2022-08-11 17:24:24,Debit Card
1916,70,2022-08-07 17:55:46,Cash
1917,100,2022-12-13 16:40:16,Cash
1918,79,2022-09-05 21:00:09,Mobile Payment
1919,11,2023-01-27 20:58:54,Mobile Payment
1920,73,2022-09-22 06:43:13,Cash
1921,20,2022-12-27 11:56:22,Credit Card
1922,23,2023-03-02 15:50:18,Cash
1923,75,2023-05-18 04:37:06,Mobile Payment
1924,81,2022-11-10 01:48:21,Cash
1925,94,2022-09-13 19:23:49,Debit Card
1926,60,2022-09-30 15:17:55,Mobile Payment
1927,55,2023-02-14 12:40:24,Credit Card
1928,48,2023-01-24 11:51:21,Debit Card
1929,72,2022-07-21 18:49:49,Cash
1930,30,2022-10-26 00:56:11,Credit Card
1931,73,2022-12-03 21:44:54,Debit Card
1932,91,2023-05-09 08:09:45,Debit Card
1933,95,2023-05-27 00:06:11,Mobile Payment
1934,65,2023-06-08 22:05:11,Mobile Payment
1935,77,2023-01-01 22:16:50,Mobile Payment
1936,70,2023-02-03 22:15:35,Debit Card
1937,87,2023-01-15 10:59:26,Cash
1938,42,2022-12-06 01:29:58,Cash
1939,99,2023-01-25 03:15:58,Mobile Payment
1940,90,2022-12-14 14:21:51,Debit Card
1941,59,2022-12-17 17:08:30,Credit Card
1942,77,2023-01-23 00:35:07,Credit Card
1943,83,2023-04-10 15:42:27,Credit Card
1944,44,2023-03-07 23:18:07,Mobile Payment
1945,45,2022-07-29 16:40:18,Debit Card
1946,84,2022-08-30 09:25:30,Mobile Payment
1947,91,2023-05-13 11:02:58,Credit Card
1948,87,2023-01-19 11:46:00,Cash
1949,76,2023-04-29 17:39:20,Debit Card
1950,62,2023-03-03 19:45:53,Credit Card
1951,89,2022-08-17 10:46:02,Credit Card
1952,8,2023-04-01 23:02:19,Debit Card
1953,23,2023-06-15 03:42:10,Debit Card
1954,43,2022-12-31 18:17:20,Cash
1955,77,2023-05-12 03:36:48,Credit Card
1956,37,2022-08-04 20:54:33,Cash
1957,98,2023-06-26 22:39:30,Cash
1958,44,2022-08-05 07:29:59,Credit Card
1959,61,2022-09-18 11:11:21,Debit Card
1960,67,2023-06-10 20:56:04,Cash
1961,73,2022-11-21 07:00:30,Debit Card
1962,99,2022-09-30 18:23:07,Debit Card
1963,64,2022-10-15 23:26:02,Mobile Payment
1964,96,2022-10-14 09:35:25,Credit Card
1965,45,2023-04-12 11:39:43,Debit Card
1966,98,2022-07-21 11:06:00,Cash
1967,12,2022-11-20 23:59:54,Mobile Payment
1968,59,2022-09-30 19:03:27,Mobile Payment
1969,69,2022-09-30 22:47:34,Mobile Payment
1970,58,2023-05-16 05:53:26,Mobile Payment
1971,22,2023-06-21 19:39:10,Cash
1972,54,2023-06-25 01:05:01,Credit Card
1973,7,2023-07-05 21:22:30,Mobile Payment
1974,26,2023-05-20 07:39:35,Mobile Payment
1975,36,2023-04-28 14:30:32,Mobile Payment
1976,21,2022-08-08 00:44:21,Credit Card
1977,52,2022-12-15 15:00:06,Debit Card
1978,11,2023-06-12 19:13:54,Cash
1979,86,2023-04-15 16:15:34,Credit Card
1980,30,2022-11-15 19:12:18,Debit Card
1981,33,2022-12-22 09:18:04,Mobile Payment
1982,99,2023-06-14 22:01:44,Credit Card
1983,5,2023-07-04 11:26:57,Credit Card
1984,85,2022-10-16 01:47:39,Credit Card
1985,31,2022-08-02 18:57:14,Debit Card
1986,47,2023-01-16 15:08:11,Credit Card
1987,15,2023-07-02 22:11:39,Mobile Payment
1988,92,2023-03-12 00:45:08,Cash
1989,55,2023-06-22 04:24:28,Mobile Payment
1990,52,2023-05-08 10:42:45,Cash
1991,78,2023-06-01 05:00:08,Debit Card
1992,83,2023-01-30 20:57:28,Mobile Payment
1993,95,2022-09-23 01:10:50,Mobile Payment
1994,34,2022-10-01 06:57:15,Credit Card
1995,80,2023-03-09 20:51:37,Mobile Payment
1996,43,2023-07-12 16:10:01,Credit Card
1997,54,2022-11-26 14:35:35,Debit Card
1998,49,2023-02-21 20:59:12,Credit Card
1999,5,2023-02-20 23:51:34,Mobile Payment
2000,63,2023-07-06 22:21:52,Credit Card
