transaction_id,product_id,quantity
1,4,7
1,8,7
1,4,9
1,7,7
2,1,6
2,9,6
2,8,8
2,3,3
3,7,9
3,1,3
3,3,3
3,10,2
4,4,4
4,4,9
4,1,2
5,7,2
5,5,7
6,1,4
6,8,2
6,8,1
6,9,3
6,3,4
7,3,5
7,1,4
7,1,5
8,4,6
8,4,3
8,6,1
8,3,3
9,8,9
9,3,7
9,6,3
10,3,1
10,4,6
10,2,7
10,8,3
10,10,4
11,4,7
11,6,6
11,3,7
12,1,3
13,9,6
13,6,4
14,1,6
15,1,9
16,4,5
16,10,6
16,9,7
17,9,4
17,9,3
17,9,2
17,1,4
17,2,9
18,7,3
18,6,5
18,3,7
18,9,9
18,5,1
19,2,8
19,10,2
19,9,6
19,7,4
20,5,7
21,1,9
21,10,4
22,9,7
23,2,2
24,9,1
24,8,6
24,9,6
24,10,2
24,5,2
25,10,6
25,7,3
25,4,9
25,9,9
26,8,1
26,1,9
26,2,6
26,8,3
26,2,2
27,3,2
27,6,8
27,8,5
28,9,9
28,9,8
28,3,3
29,9,2
29,7,1
29,8,3
29,3,3
30,4,2
31,4,8
31,9,3
31,5,3
31,1,6
32,5,7
33,6,7
33,9,1
33,5,7
33,1,2
33,10,3
34,3,6
34,9,7
34,2,8
34,9,9
34,7,2
35,3,3
35,9,7
35,1,7
36,3,1
37,9,4
37,1,7
38,10,4
38,10,9
38,8,6
39,10,3
40,7,8
40,6,5
40,9,8
41,7,3
41,7,6
41,1,4
41,2,2
42,8,4
43,6,3
43,10,3
43,10,8
44,1,8
44,1,2
44,9,3
44,1,8
45,3,3
45,1,1
45,6,4
45,9,2
45,9,6
46,1,1
46,3,8
46,7,4
47,8,2
47,6,4
47,4,5
48,5,3
48,7,6
48,9,9
49,6,4
49,8,4
49,1,3
50,3,1
50,6,5
50,4,6
51,3,1
51,1,4
51,4,2
51,9,4
51,10,4
52,6,2
52,1,8
52,9,9
53,4,2
53,10,6
53,9,5
54,7,7
54,2,2
55,9,8
55,10,7
55,6,8
55,4,5
55,1,4
56,5,3
57,3,6
57,3,2
57,5,4
57,4,8
57,6,6
58,3,5
58,7,1
58,3,8
58,9,6
59,3,1
59,3,3
60,10,3
60,3,4
61,9,1
61,1,8
62,5,7
62,2,4
63,3,4
63,1,3
63,4,4
63,4,8
63,9,7
64,8,7
64,9,5
65,9,2
65,6,4
65,7,5
65,2,8
65,4,7
66,9,6
66,9,8
67,4,4
67,1,6
67,10,6
67,8,6
68,5,4
69,7,4
70,4,1
70,1,2
70,5,1
70,6,9
70,1,6
71,7,8
71,4,8
71,6,1
72,3,7
72,5,9
72,1,8
73,3,2
73,7,3
73,8,9
74,10,5
74,4,3
75,8,7
75,7,7
75,9,5
75,1,1
75,4,1
76,6,8
76,5,8
77,5,3
78,5,5
79,2,7
80,7,9
81,6,5
82,2,6
82,3,3
82,10,2
82,3,9
83,5,4
83,9,8
83,1,1
84,6,2
85,7,3
86,1,4
86,3,2
86,3,8
86,7,4
87,8,9
87,1,4
87,7,6
87,7,6
87,8,6
88,1,6
88,6,9
88,5,4
88,4,6
89,9,9
89,5,9
89,3,5
89,2,4
89,3,5
90,7,9
90,4,3
90,3,6
91,3,4
91,6,4
92,3,1
93,10,6
93,10,9
93,3,6
93,2,5
93,5,4
94,1,5
94,2,9
94,5,3
94,1,6
95,10,5
96,5,2
96,3,6
96,1,9
96,8,2
97,7,5
97,9,2
97,8,7
98,7,4
99,6,3
99,6,9
99,1,6
99,7,1
99,3,8
100,3,6
100,2,8
100,5,6
100,6,2
100,4,3
101,5,5
101,3,9
101,2,1
101,3,4
102,5,2
102,9,4
102,3,8
103,1,6
103,8,2
103,6,3
103,2,3
104,5,5
104,3,8
104,6,6
105,9,1
105,2,3
105,5,7
106,3,1
106,4,3
106,10,4
107,5,5
108,5,2
108,8,7
109,6,5
109,5,3
109,4,3
109,9,9
109,9,4
110,5,3
110,10,5
110,6,7
110,1,1
110,10,3
111,8,6
111,4,5
111,6,9
111,4,8
112,3,7
112,1,2
112,1,1
113,6,3
113,3,3
114,4,9
114,6,8
114,10,4
114,8,1
114,2,4
115,10,5
116,2,5
116,7,7
117,10,5
118,2,2
118,1,3
118,1,8
118,4,9
118,10,8
119,5,8
119,2,7
119,5,9
119,2,5
120,4,7
120,9,6
121,9,2
121,1,2
121,6,8
121,4,8
121,8,5
122,1,4
122,5,8
122,9,5
123,5,4
124,8,3
124,4,9
124,8,3
124,1,7
124,6,2
125,5,7
125,8,3
125,7,8
126,3,7
127,3,5
127,4,4
127,10,8
127,5,1
128,9,8
128,6,5
128,10,5
129,2,6
129,2,3
129,1,1
129,9,9
129,7,8
130,3,8
130,1,6
130,2,2
130,10,3
130,4,3
131,1,7
131,5,1
132,7,4
133,9,8
133,5,9
134,4,5
134,9,4
135,7,4
135,8,1
135,4,1
135,8,4
135,4,7
136,6,6
136,2,8
136,2,2
137,10,3
138,1,3
139,9,9
140,8,2
140,8,1
140,10,4
140,9,9
141,3,4
141,4,2
141,6,6
142,2,6
142,3,1
143,6,2
143,9,2
143,5,6
144,3,1
144,8,6
144,1,2
145,8,3
145,1,7
145,10,1
145,6,6
145,2,8
146,3,2
146,7,1
147,6,3
147,6,1
147,2,7
148,1,8
149,6,6
149,5,3
149,1,4
150,2,4
150,6,1
150,5,8
150,9,3
150,4,9
151,1,8
151,9,6
151,8,8
152,10,2
153,7,1
153,8,2
153,1,8
153,10,9
153,3,9
154,2,6
154,3,7
154,5,4
154,8,7
155,10,6
155,1,4
155,9,9
155,7,5
155,6,9
156,7,4
156,3,8
156,4,7
156,2,7
156,3,3
157,5,2
158,2,8
159,10,6
159,3,9
159,5,9
160,2,5
160,4,4
160,4,4
160,3,8
160,1,1
161,4,9
161,8,3
161,10,7
161,8,8
162,1,2
162,4,1
162,9,6
162,6,1
162,7,8
163,10,9
163,9,3
163,7,1
164,5,3
164,3,2
164,4,8
164,10,1
164,10,2
165,9,7
166,6,3
166,9,3
166,1,1
166,2,7
167,8,6
167,4,4
167,8,6
167,1,8
167,7,9
168,9,5
168,6,6
168,7,4
168,9,6
169,3,1
169,6,5
169,1,7
170,1,7
170,10,6
170,3,6
171,9,8
171,10,9
171,5,6
172,9,2
172,6,4
173,9,2
173,7,4
174,8,5
174,3,2
174,5,8
174,10,4
174,3,4
175,4,1
175,6,7
175,10,7
176,8,2
176,9,4
176,5,1
177,1,2
177,5,9
178,2,8
179,5,1
179,3,4
179,2,3
180,7,7
180,9,3
180,7,6
180,1,1
180,9,7
181,9,3
181,7,1
182,2,1
182,4,1
182,8,9
182,3,6
182,4,3
183,6,5
184,2,2
184,5,6
185,6,9
185,4,9
185,7,2
186,2,6
186,4,6
186,9,6
186,1,5
186,5,8
187,1,6
188,8,2
188,8,5
188,7,8
188,10,9
188,8,6
189,5,9
189,3,1
189,6,6
189,2,2
189,5,7
190,2,1
190,10,4
190,5,2
190,9,9
191,8,4
191,2,7
191,6,3
191,6,8
192,2,7
192,7,8
192,4,1
192,3,7
193,4,1
193,2,1
193,4,4
193,3,3
194,2,6
195,10,3
195,2,8
195,3,2
195,1,7
196,1,2
196,5,4
196,2,6
197,4,9
197,3,2
197,3,6
197,8,8
198,2,3
198,1,4
198,10,2
198,6,1
198,1,7
199,2,1
199,7,8
199,2,2
200,7,8
200,4,7
200,3,7
200,6,4
201,1,8
201,4,4
201,5,3
201,3,7
201,6,2
202,1,2
203,2,9
203,7,3
203,4,8
203,1,8
203,2,7
204,5,8
204,4,4
205,8,4
206,4,2
206,6,6
206,2,2
206,4,3
206,6,4
207,1,7
207,3,1
208,2,4
208,3,8
208,6,1
208,10,7
209,5,2
209,3,3
210,4,5
210,2,2
210,4,9
210,2,3
210,9,8
211,10,5
212,1,1
213,3,9
213,2,9
213,4,5
214,7,4
214,6,5
215,9,7
215,7,5
216,2,9
216,9,3
216,7,4
216,9,9
216,9,1
217,5,1
217,10,1
217,10,6
218,9,8
218,7,9
218,4,9
219,7,4
219,3,1
219,5,7
220,6,4
220,2,6
220,9,9
221,7,3
221,7,4
221,8,5
221,3,4
222,9,5
222,2,9
223,3,5
224,3,1
225,6,7
225,3,1
225,4,8
225,6,3
226,2,2
226,1,4
226,6,8
227,10,5
227,2,1
227,3,3
227,1,1
228,4,3
228,8,5
229,4,2
229,5,5
229,8,7
229,7,1
229,5,6
230,8,5
230,6,7
231,1,5
231,7,8
231,9,5
231,5,9
231,9,6
232,5,3
232,8,2
232,9,4
233,3,5
234,4,1
234,9,4
235,10,8
235,10,6
236,2,7
237,1,5
237,9,7
237,6,4
237,4,7
237,10,2
238,4,4
238,5,3
238,2,3
239,10,5
239,3,5
240,8,8
240,2,2
240,6,6
240,10,7
241,10,5
241,6,7
242,6,8
243,6,8
243,3,3
243,7,9
243,1,5
244,7,8
244,2,5
245,1,5
245,10,1
245,5,7
246,10,6
247,3,8
247,6,5
247,3,7
247,5,4
248,7,2
248,8,3
248,4,6
248,4,3
249,2,6
249,9,1
249,9,3
250,4,7
251,5,5
251,1,3
252,1,5
253,6,4
253,2,7
253,4,8
254,9,7
254,2,2
254,2,8
254,3,7
254,7,2
255,2,5
255,8,9
255,7,8
256,10,1
257,10,1
257,2,6
257,10,1
257,1,6
257,3,1
258,6,9
258,4,6
258,5,1
258,2,4
258,2,9
259,7,4
259,7,8
259,1,6
259,7,2
259,6,7
260,3,8
260,10,1
260,10,2
260,2,5
261,8,4
261,4,6
262,6,9
262,2,3
262,1,2
263,5,6
264,7,4
264,6,2
264,10,9
265,8,3
265,10,6
265,2,8
265,5,6
266,1,6
266,6,2
266,7,9
267,5,9
267,5,5
267,6,6
267,2,1
268,9,6
268,3,7
268,2,4
268,9,6
269,8,5
270,4,3
270,5,1
270,10,4
270,3,3
270,1,6
271,7,4
271,6,4
271,1,6
271,10,8
272,8,7
272,5,8
272,9,7
273,3,9
274,4,4
274,3,8
274,1,5
275,3,4
275,5,5
276,10,3
277,8,4
277,8,3
277,4,2
277,6,1
278,8,7
278,5,3
278,10,3
279,4,7
279,9,1
279,3,5
280,9,4
281,5,2
281,4,8
281,4,1
281,7,5
282,6,1
282,10,3
283,10,7
284,5,9
285,5,6
285,9,5
285,3,9
286,7,6
286,6,6
286,2,8
286,7,2
287,9,8
288,1,7
288,1,3
288,10,6
288,8,7
289,8,8
289,10,2
289,3,1
289,4,9
289,10,1
290,1,9
290,3,3
290,8,7
290,8,9
290,10,5
291,3,7
292,8,7
292,7,2
292,4,4
292,9,1
292,7,1
293,6,1
293,3,5
294,2,7
294,7,7
294,8,5
294,7,7
295,3,5
295,4,8
295,3,9
295,3,5
296,9,8
296,5,2
296,10,7
297,6,6
297,6,9
297,6,3
297,1,7
297,10,9
298,5,7
298,9,2
299,2,1
299,5,7
299,5,4
300,2,2
300,1,2
300,10,6
301,6,1
301,3,3
302,2,8
302,7,7
302,10,8
302,9,2
303,6,1
303,10,2
303,5,1
303,8,6
304,5,8
305,4,3
305,1,1
306,10,1
306,10,8
306,5,1
306,2,2
306,9,6
307,4,3
307,4,9
307,2,8
307,7,6
307,3,7
308,4,8
309,6,3
309,8,5
309,7,8
309,9,4
310,7,4
310,2,5
311,5,2
312,6,5
313,5,7
313,10,2
313,7,9
313,4,9
314,2,6
314,9,6
314,3,7
314,2,5
314,9,7
315,6,5
315,9,7
315,1,4
315,3,5
315,10,7
316,3,1
316,9,6
317,10,7
317,5,1
317,3,6
317,4,5
317,5,7
318,6,7
318,7,4
318,10,4
319,10,1
319,5,5
319,8,7
319,10,7
319,1,3
320,3,2
320,8,1
320,10,1
320,5,4
321,8,9
321,10,1
321,1,5
321,8,1
321,5,5
322,6,7
322,10,6
322,6,7
323,5,3
323,5,6
323,9,7
323,8,3
323,9,2
324,9,5
324,6,5
324,3,7
324,2,7
324,2,1
325,1,1
325,5,4
325,7,6
325,6,5
326,2,5
326,4,2
326,3,4
326,10,6
326,10,5
327,7,4
328,2,9
329,10,9
329,7,3
329,9,3
329,8,8
330,10,7
331,4,7
332,9,4
332,6,2
332,7,3
333,2,6
333,2,5
334,10,9
334,7,4
335,4,2
335,8,8
335,3,3
336,4,5
336,8,1
337,6,7
338,10,3
338,4,2
338,10,2
338,2,9
339,9,9
339,5,7
339,3,7
339,2,2
340,3,3
340,1,6
341,6,4
342,6,4
342,1,8
343,9,2
343,9,1
343,8,6
343,10,7
344,9,9
344,3,1
344,10,3
344,10,1
345,9,3
345,1,7
346,2,8
346,9,3
346,1,9
347,4,4
347,8,5
348,10,4
349,6,4
349,8,4
349,3,3
349,10,3
350,10,2
350,5,2
350,10,2
350,4,2
350,5,8
351,4,5
351,3,4
351,6,2
351,5,7
351,9,3
352,6,7
352,5,9
352,10,3
353,4,2
353,3,5
354,5,5
354,3,1
355,6,3
355,3,3
355,1,7
356,7,9
356,3,7
356,8,8
356,10,5
356,5,9
357,2,3
357,7,3
358,2,2
358,10,8
359,10,6
359,9,7
359,5,9
359,7,8
360,3,1
360,3,9
360,10,5
360,7,7
360,8,3
361,7,5
361,5,1
362,3,9
362,8,2
363,5,4
364,6,4
364,9,5
365,6,5
365,4,1
366,8,2
366,6,4
366,2,5
366,3,9
367,7,6
367,4,5
367,10,5
368,3,2
368,2,5
368,4,9
369,6,4
369,6,5
369,5,2
369,4,7
369,8,7
370,8,6
370,10,2
370,7,8
371,1,5
371,3,2
371,1,6
371,6,6
372,10,4
372,4,7
373,4,4
374,8,3
374,1,9
374,7,6
375,3,1
375,6,8
375,5,6
375,6,4
375,4,7
376,10,8
376,3,5
377,10,1
377,2,7
377,6,6
377,7,9
377,10,5
378,1,3
378,9,1
378,7,7
378,1,1
378,10,8
379,1,1
380,6,2
380,1,7
380,3,4
380,1,4
380,3,6
381,2,5
381,10,7
382,6,7
383,5,6
383,4,9
383,3,5
383,4,2
383,9,4
384,8,7
385,7,4
385,1,2
385,7,3
386,6,5
386,3,5
386,6,4
387,5,7
387,10,7
388,5,8
389,1,5
390,3,3
390,9,6
390,4,6
390,2,6
391,8,6
391,2,4
391,1,5
391,3,2
391,10,8
392,2,6
392,8,7
392,7,5
392,1,2
392,9,4
393,8,6
393,7,9
394,9,7
395,10,9
395,6,4
395,10,6
395,4,4
395,10,1
396,2,7
396,6,9
397,6,5
398,3,6
398,9,9
398,6,5
398,9,4
399,9,4
399,2,5
399,7,8
399,2,3
400,6,3
400,10,8
400,4,5
401,1,8
402,1,2
402,5,1
402,5,6
402,7,4
403,1,1
403,4,5
403,6,3
403,7,2
403,2,6
404,9,3
404,3,3
404,4,4
405,3,1
406,1,8
406,2,1
406,2,9
406,6,9
407,10,7
407,2,4
407,8,7
407,7,7
407,2,5
408,9,5
408,7,5
408,6,8
409,9,1
409,4,5
410,6,8
411,7,7
412,8,6
412,9,6
413,1,2
413,9,4
413,6,5
413,10,9
413,8,1
414,5,5
415,5,2
415,7,9
416,1,9
416,6,6
416,10,1
416,3,3
416,8,8
417,1,6
417,5,8
417,6,3
418,2,5
419,9,4
419,3,1
419,4,8
419,1,3
419,10,6
420,8,5
420,7,5
421,8,1
422,2,4
422,7,9
423,8,3
423,5,4
423,2,8
423,1,6
424,9,1
424,9,6
424,8,1
425,10,5
425,4,6
426,1,9
426,3,4
426,9,3
426,3,3
427,3,1
427,7,8
427,5,7
428,8,7
428,5,4
428,3,9
428,1,5
428,9,2
429,10,6
430,4,4
430,6,8
430,10,5
431,1,1
431,9,5
431,8,7
431,8,6
431,1,5
432,6,9
432,9,4
432,2,6
433,9,6
433,7,1
434,4,8
434,2,1
435,1,8
435,3,7
435,4,6
435,7,7
435,1,4
436,3,7
437,6,2
437,1,3
437,8,4
437,5,6
438,8,3
438,1,5
438,10,3
439,9,5
439,5,2
439,1,5
440,6,9
440,2,2
440,4,7
441,1,6
441,5,2
442,10,6
442,1,3
442,8,1
443,9,8
443,10,8
444,10,9
444,3,6
445,7,1
445,3,9
446,7,9
446,4,8
447,2,2
447,9,9
447,3,6
447,9,5
447,3,7
448,6,5
448,3,3
448,1,7
448,9,5
449,2,3
450,9,7
450,9,7
450,5,2
450,10,2
451,3,9
451,5,6
451,8,4
451,5,1
451,6,9
452,6,2
453,9,1
453,4,5
454,2,9
454,2,5
455,6,3
455,5,3
455,5,9
455,4,2
455,5,9
456,5,2
456,2,7
456,6,5
457,9,6
457,9,1
457,2,8
458,5,1
459,2,9
459,4,5
459,5,4
460,7,7
460,1,4
460,8,7
461,3,2
461,10,4
461,10,5
462,1,7
462,9,4
463,9,6
464,7,1
464,2,8
464,2,5
464,6,8
464,3,3
465,8,5
465,6,4
466,8,3
466,10,4
467,10,4
467,7,7
467,6,5
467,9,5
467,10,2
468,5,7
468,1,3
468,9,9
469,8,1
469,3,4
469,9,5
469,5,6
470,2,4
471,5,9
471,1,1
471,10,7
471,1,1
472,7,1
472,1,5
472,4,6
473,7,2
474,7,3
475,9,1
475,5,9
475,10,8
475,7,7
476,7,6
477,3,8
477,9,4
477,10,5
478,7,6
478,2,4
478,2,2
478,10,2
478,5,3
479,4,6
479,6,4
479,9,7
480,4,1
480,7,6
480,3,7
481,1,8
481,4,8
481,2,8
481,5,7
482,4,8
482,2,9
482,9,7
483,5,9
484,5,6
484,4,3
484,10,1
485,1,4
485,10,2
486,4,4
486,1,1
487,8,1
487,9,3
487,2,7
487,4,7
487,1,9
488,9,1
488,8,6
488,1,8
489,1,6
489,4,1
489,3,4
490,5,1
490,9,1
490,9,2
491,7,5
491,8,9
491,8,6
492,10,8
492,10,2
492,9,3
492,3,5
493,5,3
493,9,6
493,9,6
493,6,3
494,8,8
494,5,2
495,6,1
495,1,3
495,5,6
495,9,8
495,9,3
496,2,3
496,10,6
496,2,2
497,7,4
497,6,3
498,3,6
498,3,4
498,9,5
499,6,3
500,1,3
500,2,4
501,2,9
501,7,5
501,2,1
501,8,8
501,7,7
502,5,4
502,3,5
503,2,6
504,8,2
504,1,2
505,6,7
505,10,1
505,6,1
505,7,2
505,1,5
506,2,4
506,1,6
507,2,5
507,4,8
507,1,9
508,4,2
508,2,1
508,3,1
508,7,9
509,9,8
509,4,1
510,10,6
510,5,8
511,9,9
512,2,6
512,2,7
512,3,6
513,9,5
513,9,3
514,9,7
514,1,8
515,7,7
515,4,6
516,8,2
516,5,8
516,7,8
516,1,3
517,5,9
518,9,1
519,6,3
519,7,6
520,9,4
521,3,7
521,7,4
521,5,6
521,1,7
522,8,8
522,3,3
522,8,4
523,9,7
523,5,2
523,8,3
523,10,8
524,4,2
524,6,5
524,7,6
524,10,6
525,9,3
525,8,6
525,10,2
526,10,7
526,3,9
526,4,7
527,4,5
528,6,7
528,2,5
529,7,9
529,3,4
529,4,7
530,4,6
531,5,5
531,7,4
532,9,4
532,1,2
533,9,1
533,5,4
533,9,4
533,1,3
533,10,9
534,3,3
534,4,1
534,3,2
535,4,3
535,5,2
535,1,5
535,7,4
535,3,3
536,4,8
536,6,6
536,6,9
536,2,2
537,3,9
537,4,2
537,9,1
538,8,3
538,2,6
539,8,8
540,9,1
540,7,5
540,4,2
541,3,9
541,3,9
542,9,8
542,5,4
543,7,1
543,9,6
543,10,3
543,7,6
544,3,2
544,4,7
545,1,5
545,7,4
546,5,1
546,9,9
547,5,7
547,8,8
548,5,7
548,8,5
548,5,2
548,4,6
549,1,1
549,6,8
549,7,6
549,2,1
550,5,3
550,9,5
550,1,9
551,9,2
552,4,8
552,5,8
553,10,1
554,5,2
554,4,8
554,3,7
554,10,3
555,8,9
555,5,8
556,7,2
556,3,5
556,8,2
556,4,1
557,4,5
557,10,5
557,5,9
557,1,4
558,8,4
558,2,1
559,4,7
559,9,4
560,8,7
561,7,2
561,1,1
562,10,4
562,3,2
562,6,1
563,1,9
563,6,7
564,9,5
564,5,3
564,9,9
564,6,2
564,2,5
565,8,1
566,9,7
566,5,5
566,1,3
567,7,7
568,3,6
568,7,1
568,5,5
569,4,5
569,1,4
569,8,1
570,8,4
570,7,1
570,10,1
570,6,8
570,10,1
571,8,4
571,8,4
572,9,2
573,7,6
573,5,6
573,6,6
574,3,3
574,3,4
575,8,3
575,1,7
575,8,8
575,5,7
576,5,2
577,2,3
577,2,5
577,4,8
578,5,3
578,5,9
578,3,1
578,9,8
579,1,4
579,3,6
579,7,3
580,10,6
580,10,7
580,8,5
580,9,7
580,1,6
581,1,7
581,9,2
581,5,8
581,7,9
581,7,3
582,2,1
582,9,6
582,8,3
582,4,9
583,6,1
584,5,2
584,8,2
584,1,6
585,1,7
585,3,2
585,4,6
585,1,4
585,4,1
586,6,9
586,4,9
586,8,2
586,6,8
587,4,5
588,4,9
588,8,3
588,4,5
588,2,4
588,10,3
589,8,4
589,6,9
589,7,1
589,6,9
589,7,4
590,2,6
590,4,3
591,5,9
591,10,6
591,4,2
591,10,2
592,10,2
592,10,5
592,10,7
593,1,2
593,3,2
593,2,2
593,7,3
593,3,7
594,6,9
594,8,5
594,4,5
594,8,2
595,6,6
595,2,3
595,8,6
595,1,8
595,10,9
596,10,1
596,1,1
597,5,8
597,5,2
598,3,3
598,10,4
599,2,6
600,3,2
600,4,5
600,4,4
600,4,6
600,4,6
601,4,3
602,2,5
602,7,6
602,6,3
603,7,6
603,6,9
603,7,9
603,7,1
604,5,1
604,10,3
604,10,5
605,5,8
606,9,9
606,10,7
606,9,5
606,10,4
607,2,9
607,8,9
607,9,8
607,6,2
607,9,6
608,7,2
608,10,6
609,8,7
609,3,7
609,1,3
609,10,3
610,9,5
611,2,4
611,4,7
612,3,1
612,5,4
612,3,7
612,10,3
613,3,3
613,9,7
614,9,7
614,7,8
615,8,5
616,2,8
617,4,1
617,6,2
618,8,6
618,1,1
618,10,7
618,10,6
619,9,3
619,6,4
619,8,7
619,9,4
619,1,8
620,10,2
620,4,7
620,2,9
620,3,3
621,5,6
621,9,4
621,6,6
622,9,6
622,8,4
622,6,1
623,6,5
624,7,2
624,8,6
624,2,2
624,7,7
624,2,5
625,4,9
625,8,6
625,7,7
625,8,9
625,2,4
626,3,4
626,6,4
626,4,9
626,7,1
626,3,2
627,4,9
627,4,9
627,6,9
627,4,4
627,10,2
628,1,5
629,9,5
629,6,4
630,4,4
630,4,1
631,10,5
631,7,7
631,4,4
631,6,2
632,9,4
632,3,3
632,5,9
632,4,3
633,8,3
634,10,8
634,8,2
634,7,5
634,1,2
634,2,7
635,5,9
635,5,6
635,7,8
635,2,9
635,8,6
636,9,1
636,6,6
636,6,3
637,7,7
637,3,2
637,6,4
637,6,4
638,3,4
638,2,8
639,6,2
639,9,7
639,10,2
639,9,3
640,6,2
640,6,8
640,4,2
640,6,4
640,4,5
641,6,5
641,1,6
641,7,7
641,7,6
641,4,5
642,8,2
643,5,9
643,4,1
644,5,6
644,6,8
644,10,5
644,4,7
645,4,9
645,1,2
645,1,6
645,1,5
646,10,9
646,5,8
647,7,2
647,7,4
648,4,8
648,7,2
649,8,4
649,9,2
649,10,3
649,3,2
650,2,2
650,8,9
650,8,3
650,10,6
650,4,2
651,5,3
651,10,5
651,8,9
651,5,9
652,8,1
653,2,2
653,9,8
654,3,5
654,5,5
655,1,7
655,7,1
656,8,3
656,5,3
656,5,8
656,8,7
657,3,9
657,2,7
657,8,6
658,2,4
658,1,4
659,4,7
660,3,8
660,8,9
660,1,2
661,6,8
661,6,9
662,4,6
662,10,3
662,3,8
663,6,6
664,5,5
664,2,8
664,1,1
664,5,7
665,1,2
666,5,7
666,4,8
666,4,8
666,3,1
667,3,5
667,3,6
668,3,1
668,10,9
668,6,4
668,1,7
668,8,5
669,3,5
669,6,4
669,1,6
669,10,8
670,10,3
670,6,8
670,2,2
671,5,7
672,4,1
672,8,9
672,6,4
673,8,7
674,4,8
674,5,7
674,3,8
674,6,4
675,6,2
675,1,4
676,1,3
677,2,9
678,5,1
679,2,5
679,4,9
679,6,2
679,1,2
679,8,4
680,7,7
680,4,4
681,8,1
681,3,2
681,3,9
682,5,5
682,7,4
682,6,1
682,1,9
683,6,7
683,3,2
684,10,8
684,10,7
684,5,2
684,8,7
685,2,1
686,4,7
687,8,2
687,10,9
687,4,5
688,8,2
688,1,9
688,5,7
689,10,2
689,1,1
689,7,5
689,2,6
690,5,5
691,8,5
691,7,3
691,2,2
691,4,6
692,10,1
692,5,2
692,7,9
692,7,6
692,5,5
693,7,2
693,2,1
693,3,9
693,9,9
693,1,6
694,8,5
694,6,7
694,6,4
694,6,7
694,5,9
695,10,8
695,4,8
695,4,9
695,1,6
695,9,3
696,8,7
697,8,2
697,6,6
697,1,2
697,7,4
697,10,6
698,2,8
698,5,5
698,8,4
699,4,7
699,5,8
699,3,2
700,9,4
700,10,3
700,4,8
700,9,7
701,6,7
701,4,3
701,1,5
702,9,4
702,10,1
702,3,2
703,5,1
703,2,3
704,10,8
704,6,5
704,5,8
705,7,7
705,8,9
706,7,9
706,8,8
706,7,4
706,6,3
707,3,3
707,1,5
708,5,8
708,9,2
709,4,8
709,1,4
709,6,5
709,7,5
710,6,2
711,7,4
711,9,6
712,8,5
712,2,9
712,4,9
713,10,3
713,9,6
713,5,8
713,3,8
714,8,9
715,2,1
716,3,6
716,3,4
716,2,4
716,7,7
717,4,1
718,6,7
718,7,8
718,6,3
718,5,2
719,8,8
719,7,7
720,1,6
720,6,6
720,4,7
720,7,4
721,7,4
722,8,2
722,6,9
722,7,2
722,9,1
722,2,6
723,9,3
723,8,1
723,1,9
724,5,5
724,2,2
725,3,2
725,1,2
725,1,8
725,7,4
725,9,7
726,10,4
726,9,2
726,4,2
726,8,5
726,8,1
727,1,5
727,4,9
727,3,8
727,9,9
728,3,1
728,2,4
728,7,3
729,4,7
729,6,7
729,5,7
729,3,7
730,6,1
730,4,6
731,9,9
732,4,3
732,10,3
733,1,8
733,3,5
733,2,6
733,6,6
733,9,4
734,5,6
734,9,4
735,2,7
735,8,9
735,10,7
736,3,5
736,1,4
736,10,1
736,4,5
737,7,2
737,1,4
737,10,6
737,5,2
737,1,7
738,7,6
739,6,4
740,7,5
741,4,9
741,2,9
741,5,7
742,2,8
742,3,7
743,4,5
743,8,9
743,7,3
744,7,7
745,1,9
745,5,1
745,9,9
746,10,1
746,4,7
746,9,4
747,9,9
747,8,8
748,2,4
748,5,7
749,6,8
749,7,4
749,3,5
749,5,8
750,3,5
750,4,2
750,3,8
751,10,4
751,10,7
752,9,6
752,7,4
752,2,6
752,2,6
753,6,6
753,10,5
753,3,7
753,8,9
753,6,2
754,5,5
754,6,6
754,7,1
755,10,1
755,2,5
756,1,7
756,7,5
756,7,8
756,1,5
757,8,7
757,9,7
757,2,4
758,7,1
758,10,1
759,6,7
760,9,7
760,4,7
760,2,7
760,9,3
760,6,5
761,6,1
761,1,5
761,9,2
761,1,7
761,9,6
762,3,4
762,6,4
762,10,7
762,3,3
762,10,8
763,4,4
764,3,4
764,6,2
764,10,5
764,5,4
764,2,8
765,5,7
765,6,6
765,6,5
765,5,7
765,3,4
766,5,6
766,9,8
766,7,1
766,10,4
766,7,1
767,4,6
767,7,3
767,7,4
767,7,2
767,7,5
768,9,3
768,6,8
769,9,6
770,8,3
770,9,3
770,10,8
771,2,4
771,3,8
771,3,9
772,5,8
772,10,2
773,7,5
774,8,8
774,8,5
774,4,9
774,3,8
775,6,9
776,5,2
776,7,1
776,10,5
776,3,8
777,3,9
777,1,9
777,8,9
778,6,9
778,8,1
778,6,7
778,4,4
779,6,5
780,9,5
781,1,3
781,10,6
781,1,7
781,5,9
781,8,2
782,1,1
783,5,5
784,4,2
784,7,4
784,7,7
784,3,6
784,3,5
785,4,6
785,5,4
785,10,5
786,9,9
786,2,2
786,7,7
786,3,3
786,5,3
787,9,9
787,1,1
787,7,8
787,9,4
787,5,6
788,9,1
788,9,9
788,3,2
789,5,9
789,1,6
789,8,8
790,6,2
790,1,3
790,9,2
790,2,7
791,9,7
791,5,7
791,6,5
792,9,2
793,6,9
793,10,8
793,5,5
793,9,5
793,10,3
794,9,1
794,8,4
795,10,1
795,10,5
795,10,6
795,5,8
796,1,3
796,10,4
796,2,3
797,6,8
797,7,5
797,7,2
798,10,2
798,4,1
798,4,6
798,3,3
798,8,1
799,10,5
799,10,5
799,9,2
799,10,7
800,4,4
801,6,4
801,5,6
801,6,1
802,2,9
802,2,2
803,7,9
803,8,8
803,7,2
803,3,8
804,7,6
804,5,7
804,5,8
805,10,1
805,5,6
806,9,9
806,7,9
806,9,6
806,9,4
806,8,2
807,8,5
807,8,7
807,9,5
808,5,1
808,8,8
808,7,4
808,4,9
809,7,9
809,5,2
809,2,4
809,6,9
810,10,2
811,2,3
811,5,3
812,3,1
812,7,4
812,4,6
812,6,5
813,5,4
814,3,4
814,1,3
814,5,2
814,4,6
814,3,2
815,7,1
815,1,7
815,5,7
815,10,8
816,1,5
816,4,2
817,1,6
817,7,6
818,10,2
818,4,4
819,6,3
819,9,3
819,7,5
820,6,8
820,8,2
820,7,5
820,8,2
820,7,4
821,10,7
822,4,6
822,7,9
822,10,2
822,2,9
822,6,6
823,1,3
824,5,2
824,1,6
824,9,2
824,8,9
825,5,5
825,2,2
825,7,9
826,5,3
826,9,5
826,1,3
826,2,2
827,8,4
827,2,6
828,5,9
829,8,4
829,3,2
829,4,8
829,9,9
829,4,1
830,4,3
831,5,8
832,7,8
832,2,3
833,10,1
833,5,1
834,6,8
834,7,5
834,8,8
835,5,1
835,2,7
835,9,6
836,10,3
837,6,5
837,7,7
837,2,3
837,4,8
838,4,7
839,10,6
840,1,8
841,7,1
841,6,5
842,5,2
842,9,2
842,5,9
842,9,6
842,6,3
843,3,6
843,5,8
843,5,3
843,6,8
844,1,3
845,4,7
845,9,5
846,2,6
846,5,5
847,10,8
847,5,1
847,3,3
848,6,2
848,7,5
848,5,5
848,9,7
848,7,5
849,5,3
849,3,5
849,4,9
849,9,3
849,9,7
850,7,9
850,1,6
851,1,8
852,9,2
852,5,8
853,1,1
853,6,6
853,2,9
854,1,7
854,2,7
854,8,2
854,10,8
854,9,6
855,4,7
855,1,8
856,10,9
856,3,3
856,10,9
856,8,6
856,10,3
857,6,2
857,10,6
857,5,7
857,8,1
857,3,5
858,1,8
858,5,9
858,8,2
859,5,3
860,10,2
860,8,8
860,3,2
860,4,8
861,5,6
862,10,3
863,3,2
863,7,5
864,8,5
865,6,4
865,5,7
865,9,8
866,9,6
866,7,9
866,3,4
866,2,2
866,4,2
867,7,1
867,2,4
867,9,9
868,10,4
868,9,1
868,9,7
869,8,4
869,9,1
870,6,1
870,4,8
870,8,4
871,5,8
872,9,5
872,1,9
873,5,6
873,1,5
874,7,7
874,7,8
874,7,3
874,9,5
875,7,5
875,9,3
875,5,9
875,8,7
876,4,9
876,5,5
876,7,9
876,4,9
877,10,1
877,1,6
877,10,3
877,2,6
878,6,4
878,10,8
878,10,3
878,3,8
878,5,9
879,8,9
879,7,8
880,5,1
881,1,8
881,6,5
881,5,6
881,2,6
882,8,6
883,5,7
883,10,2
883,5,6
884,9,1
884,4,6
884,1,9
884,10,8
885,1,7
885,8,9
885,9,7
885,2,7
886,6,4
886,1,1
887,2,6
887,2,8
887,8,3
887,10,7
888,2,3
888,5,8
889,7,7
889,7,9
890,5,1
890,8,3
890,2,7
890,9,8
891,9,1
892,10,2
893,2,1
893,3,6
893,2,9
894,4,1
894,10,3
894,7,3
894,10,3
894,3,9
895,4,5
896,8,3
897,7,5
897,10,6
897,4,5
897,7,3
898,7,1
898,7,1
898,5,9
898,7,3
899,8,3
899,9,4
899,9,5
899,7,9
900,3,6
901,10,9
902,10,9
902,3,8
902,1,6
903,9,2
903,9,2
904,4,1
905,4,2
906,7,6
906,6,6
906,1,5
906,5,3
907,7,6
907,3,4
907,4,8
907,9,3
908,8,5
908,3,3
908,2,4
908,1,4
908,7,4
909,2,3
909,1,2
909,6,7
909,6,7
909,10,9
910,8,6
910,2,5
910,4,2
910,5,9
911,1,9
911,6,3
912,2,3
912,6,4
912,6,1
912,3,4
912,3,2
913,1,9
913,1,8
913,2,2
913,5,3
913,3,2
914,9,7
914,7,7
914,3,1
914,7,9
914,3,8
915,2,4
915,2,3
915,4,2
915,8,7
915,5,9
916,1,3
916,2,7
916,5,1
916,5,4
917,5,9
917,1,9
917,7,6
917,2,8
917,9,3
918,5,6
918,8,6
919,2,6
919,9,6
919,3,8
919,9,1
919,10,1
920,6,7
920,4,2
920,9,2
921,5,1
922,8,9
922,7,5
922,2,5
923,9,4
923,5,4
923,2,1
924,8,9
924,5,2
924,10,4
925,1,6
925,8,5
925,8,7
925,3,8
926,7,7
926,3,6
927,2,8
927,7,8
927,8,3
927,10,5
928,7,8
928,6,1
928,1,3
928,10,5
929,1,8
929,2,6
929,4,9
929,1,6
930,1,8
930,10,8
930,10,7
930,6,2
931,5,2
931,5,4
931,5,3
931,9,7
931,1,4
932,1,4
932,1,9
933,3,1
934,6,9
934,4,4
934,4,7
934,4,7
935,3,2
935,7,9
935,2,4
935,9,5
936,3,8
936,4,6
937,5,3
937,8,9
937,2,9
937,10,7
938,4,4
938,6,9
938,2,9
939,1,8
939,1,1
939,10,6
939,1,2
940,9,8
941,10,9
941,10,6
941,2,9
942,9,7
942,2,4
942,10,1
943,4,5
944,5,3
944,8,9
944,7,9
944,1,7
944,2,8
945,4,2
945,4,6
945,3,7
945,3,4
945,6,6
946,7,8
946,10,2
946,6,6
946,5,8
947,2,2
948,10,9
949,5,2
949,9,6
949,6,1
949,2,9
950,3,1
950,8,4
950,3,4
950,6,5
951,8,4
951,4,3
952,2,7
952,6,1
952,4,6
953,4,8
954,5,3
954,7,5
955,10,1
955,9,9
956,2,7
956,5,6
956,6,3
956,4,8
956,1,1
957,1,9
958,8,8
959,8,7
959,7,3
959,4,6
960,7,8
960,9,7
960,8,1
961,1,8
961,9,8
961,7,9
961,1,5
961,4,4
962,8,5
962,10,7
963,5,7
963,3,3
964,6,2
964,9,5
965,3,5
965,2,1
966,4,6
966,7,5
966,4,8
966,4,5
966,8,4
967,3,7
967,7,2
967,8,6
967,4,7
967,8,7
968,6,7
968,7,1
968,1,8
968,3,9
969,3,5
969,3,8
969,7,3
969,6,4
970,5,9
970,4,9
970,9,6
970,5,8
970,9,9
971,8,4
972,1,5
972,10,8
972,4,6
973,6,3
973,1,1
973,2,7
973,4,6
974,3,8
974,8,1
974,10,1
975,8,4
975,8,9
975,1,9
975,1,2
976,1,9
976,1,1
977,5,6
977,8,3
977,6,1
977,1,1
978,9,5
978,10,5
978,4,3
978,5,4
979,8,1
979,6,8
980,8,7
980,8,8
980,8,1
980,4,4
980,5,3
981,6,8
981,6,1
981,1,6
982,8,2
983,3,6
983,1,5
983,2,4
983,5,9
983,8,4
984,9,7
984,5,8
985,2,7
985,2,3
985,3,2
985,4,2
985,6,3
986,9,9
986,8,6
986,9,4
986,3,4
987,10,8
988,4,8
989,7,2
989,2,1
989,3,2
989,7,1
989,8,5
990,4,4
990,8,3
990,4,5
990,4,6
991,7,2
991,4,3
991,4,1
991,2,2
992,2,8
992,10,5
993,8,2
994,9,7
995,9,1
995,10,8
995,1,8
996,1,3
997,6,4
997,9,3
997,6,5
997,1,4
997,10,2
998,8,2
999,10,7
999,2,2
999,6,6
999,9,7
1000,5,5
1000,3,4
1000,2,3
1000,1,2
1000,10,8
1001,9,2
1001,8,2
1001,4,1
1001,7,7
1002,1,8
1002,9,3
1002,3,9
1003,9,2
1003,6,6
1003,6,1
1004,9,7
1005,10,3
1005,10,3
1006,1,7
1006,8,7
1006,5,5
1006,5,2
1006,10,6
1007,8,1
1007,6,3
1007,4,9
1007,2,2
1008,1,5
1008,1,7
1008,3,3
1008,10,3
1008,8,8
1009,8,1
1009,10,9
1010,8,5
1010,4,3
1010,6,4
1010,8,2
1010,2,8
1011,2,6
1012,8,5
1012,6,7
1012,5,2
1012,7,7
1012,1,7
1013,1,6
1013,4,7
1013,5,7
1013,1,4
1013,4,7
1014,1,1
1015,1,5
1015,1,3
1015,8,1
1015,10,4
1015,6,4
1016,9,9
1016,7,9
1016,5,3
1017,7,9
1017,2,3
1018,9,3
1018,4,5
1018,7,8
1018,5,2
1019,6,6
1019,8,8
1019,2,4
1019,1,9
1020,3,3
1020,2,4
1021,9,3
1021,2,4
1021,7,3
1021,5,9
1021,1,1
1022,9,4
1022,8,7
1023,4,3
1023,1,5
1023,8,5
1023,4,5
1023,3,5
1024,9,9
1024,4,5
1024,3,7
1025,4,3
1025,9,6
1025,10,1
1026,6,9
1026,5,3
1027,5,4
1027,2,2
1027,2,9
1027,7,4
1027,4,9
1028,5,5
1028,10,9
1028,4,8
1029,3,2
1029,7,5
1029,5,5
1029,9,7
1029,7,9
1030,3,8
1030,1,7
1030,6,2
1031,9,6
1031,8,6
1031,8,1
1031,6,2
1031,3,8
1032,10,3
1032,7,7
1032,5,9
1032,1,3
1033,3,3
1033,4,9
1034,9,9
1034,1,6
1034,2,9
1035,3,1
1035,10,2
1036,7,1
1036,5,3
1036,2,7
1037,4,1
1038,5,1
1038,4,6
1038,8,8
1039,1,9
1040,5,4
1041,2,1
1042,5,6
1042,7,1
1042,9,9
1042,7,8
1043,7,6
1044,1,6
1044,6,2
1045,3,4
1045,2,5
1045,8,9
1045,6,9
1045,7,2
1046,8,1
1047,1,2
1048,10,8
1048,7,3
1048,4,5
1048,5,5
1049,9,6
1049,6,8
1049,7,2
1049,9,9
1050,1,7
1051,4,8
1051,5,4
1051,6,3
1052,6,7
1052,2,5
1052,6,1
1052,6,9
1052,9,1
1053,9,8
1053,4,6
1053,5,1
1053,5,9
1053,3,5
1054,5,4
1055,1,6
1055,4,6
1055,3,4
1055,5,2
1055,8,8
1056,8,2
1056,5,4
1056,8,4
1056,10,7
1057,4,9
1057,3,6
1057,8,6
1057,2,5
1058,9,6
1058,6,8
1058,8,4
1059,7,1
1059,1,1
1059,5,1
1060,5,8
1060,3,7
1061,6,9
1061,8,6
1061,8,6
1062,6,1
1063,3,6
1063,9,9
1063,3,3
1064,6,9
1064,6,7
1064,10,5
1064,9,2
1064,8,2
1065,2,7
1066,6,7
1066,3,7
1066,1,1
1066,1,6
1067,9,7
1067,8,8
1067,7,5
1068,8,5
1068,10,5
1068,7,9
1068,1,3
1069,3,6
1069,10,6
1069,2,6
1070,3,4
1070,1,5
1070,10,5
1070,4,5
1070,10,3
1071,2,7
1071,6,4
1072,6,3
1072,2,7
1072,3,2
1072,1,5
1073,3,2
1073,3,9
1074,2,4
1074,3,5
1075,9,5
1075,5,7
1075,9,6
1075,9,3
1075,9,3
1076,7,9
1077,5,2
1077,3,5
1078,2,6
1078,6,7
1079,1,9
1079,3,4
1079,2,7
1079,4,2
1079,8,4
1080,1,1
1080,2,3
1080,6,6
1080,6,9
1081,3,6
1081,1,5
1081,3,2
1081,2,6
1082,6,4
1082,6,5
1082,1,2
1082,5,5
1083,2,4
1083,10,6
1083,3,7
1083,9,3
1083,6,9
1084,1,7
1084,7,1
1085,7,3
1085,7,5
1085,7,3
1085,2,7
1086,3,3
1086,2,8
1086,8,6
1086,4,8
1087,8,7
1087,6,3
1087,3,3
1087,4,2
1088,10,1
1088,3,8
1088,6,7
1088,7,5
1089,2,1
1089,9,4
1089,4,5
1090,7,3
1090,5,9
1091,1,5
1091,4,6
1092,6,3
1092,9,8
1093,9,4
1094,6,8
1094,10,1
1094,1,5
1094,4,3
1094,1,2
1095,8,9
1095,8,6
1096,5,3
1096,6,8
1096,1,6
1096,3,4
1097,2,5
1097,7,8
1097,10,8
1097,1,1
1098,4,5
1098,9,3
1098,8,9
1098,10,5
1099,3,9
1100,8,5
1100,3,7
1101,6,7
1101,8,2
1101,4,8
1101,6,8
1102,5,7
1103,10,2
1103,7,8
1104,3,4
1104,4,4
1105,5,5
1105,3,2
1105,7,8
1105,1,1
1106,7,6
1106,10,4
1107,9,2
1107,8,3
1107,6,6
1107,9,1
1108,6,8
1108,8,8
1108,8,2
1109,4,9
1109,4,1
1109,3,1
1109,4,5
1110,9,3
1110,5,2
1111,5,9
1112,3,7
1112,4,1
1112,8,3
1112,8,8
1113,3,9
1113,7,7
1113,4,3
1114,5,4
1114,1,6
1115,5,2
1116,1,4
1116,5,3
1116,3,1
1117,6,9
1117,10,9
1118,3,1
1119,5,5
1120,9,3
1120,5,4
1120,4,3
1121,8,3
1122,7,8
1122,10,6
1122,2,2
1122,5,3
1123,1,3
1124,3,5
1125,4,9
1125,4,1
1125,8,5
1125,9,1
1126,9,1
1126,1,9
1126,1,9
1126,1,2
1126,4,3
1127,3,4
1127,1,9
1127,3,8
1127,5,5
1127,8,7
1128,1,4
1129,1,8
1129,9,2
1129,8,3
1129,2,7
1129,9,7
1130,2,7
1130,6,7
1130,8,6
1131,9,2
1131,4,7
1131,2,6
1131,5,5
1131,9,3
1132,5,7
1132,7,2
1132,5,5
1132,8,9
1133,1,1
1133,4,5
1133,8,3
1133,7,3
1133,2,4
1134,2,3
1134,10,3
1134,3,5
1134,2,2
1135,6,8
1135,7,7
1136,4,5
1136,8,9
1136,2,9
1137,2,5
1137,1,7
1138,2,3
1139,1,4
1139,9,1
1140,4,4
1140,8,1
1140,8,6
1140,1,1
1141,6,4
1141,9,2
1141,2,1
1141,8,5
1141,4,2
1142,5,3
1142,9,7
1142,3,2
1142,8,3
1143,3,2
1143,3,7
1144,5,7
1144,7,4
1144,1,7
1144,4,2
1144,10,7
1145,1,1
1145,9,6
1146,8,7
1146,10,7
1146,7,5
1146,10,1
1146,9,8
1147,7,4
1147,2,3
1147,2,3
1147,8,2
1147,4,6
1148,1,1
1149,10,4
1149,5,3
1150,9,4
1151,6,8
1151,8,8
1151,7,8
1151,6,2
1152,7,6
1152,3,3
1153,4,8
1153,2,4
1154,6,1
1154,2,8
1154,10,1
1155,7,8
1156,7,9
1156,6,7
1157,2,1
1157,1,3
1157,2,5
1158,2,5
1158,2,3
1158,2,3
1159,9,8
1159,2,1
1159,10,3
1159,10,5
1160,3,7
1160,10,3
1160,3,1
1160,5,3
1161,9,4
1161,10,1
1161,8,2
1161,6,2
1162,7,4
1162,9,2
1162,7,6
1163,2,7
1163,4,7
1163,7,1
1164,7,8
1164,8,6
1164,4,6
1165,2,3
1166,1,6
1166,7,9
1166,9,6
1166,8,2
1167,2,4
1167,5,3
1167,2,6
1168,5,4
1168,2,1
1169,5,6
1169,2,8
1169,4,2
1169,4,4
1169,7,9
1170,10,4
1170,1,3
1170,8,6
1170,9,9
1170,2,3
1171,2,6
1171,2,6
1172,2,9
1172,7,4
1172,2,7
1172,9,8
1173,3,5
1173,4,9
1174,7,1
1174,3,1
1174,8,6
1175,5,6
1175,4,3
1175,8,8
1175,2,7
1176,3,3
1176,8,6
1177,4,3
1177,9,4
1178,4,4
1178,5,6
1178,10,3
1178,1,5
1178,4,1
1179,6,4
1179,5,3
1179,3,5
1179,3,7
1179,10,2
1180,4,1
1181,5,8
1181,7,5
1181,4,3
1182,3,5
1182,1,3
1183,6,1
1183,8,4
1184,9,3
1184,2,9
1184,9,4
1184,5,8
1184,6,6
1185,2,2
1185,6,8
1186,1,2
1186,3,1
1187,8,6
1187,8,2
1187,1,4
1187,7,8
1188,5,2
1188,1,1
1189,1,5
1189,5,1
1190,6,3
1191,6,1
1191,3,8
1191,7,8
1191,2,3
1192,4,2
1192,9,3
1192,4,5
1192,9,4
1192,4,3
1193,10,1
1193,1,2
1194,4,4
1194,7,7
1194,4,5
1194,9,7
1195,10,2
1195,9,9
1195,5,7
1196,10,7
1196,8,9
1196,7,5
1196,6,2
1197,9,2
1197,10,1
1198,3,9
1198,1,7
1198,9,2
1199,1,9
1199,10,8
1200,2,5
1200,10,7
1200,4,9
1200,1,6
1200,1,5
1201,3,7
1201,7,2
1201,4,7
1202,5,2
1202,9,7
1202,4,3
1203,4,8
1203,5,8
1204,7,5
1204,5,2
1204,6,9
1204,5,8
1204,8,2
1205,2,3
1205,5,2
1205,5,3
1206,1,2
1206,6,1
1206,4,6
1207,4,6
1207,7,8
1207,1,5
1207,6,5
1208,1,2
1208,6,2
1208,9,3
1209,4,3
1209,10,5
1209,9,9
1209,5,7
1209,4,7
1210,10,2
1211,3,1
1211,9,1
1212,3,5
1212,8,1
1212,6,7
1212,2,6
1212,5,5
1213,8,4
1214,8,9
1214,10,7
1214,2,6
1214,7,5
1214,7,4
1215,2,5
1215,5,1
1216,9,9
1216,4,7
1216,9,5
1217,7,2
1217,3,5
1217,1,5
1217,1,1
1218,4,6
1218,2,2
1219,5,9
1219,10,6
1219,6,1
1219,8,3
1220,10,9
1220,5,8
1220,10,7
1221,3,1
1221,6,2
1221,3,2
1222,3,4
1223,4,6
1223,3,9
1223,8,2
1223,8,2
1223,7,2
1224,9,8
1225,8,4
1225,1,7
1225,6,6
1225,10,8
1225,8,3
1226,3,3
1226,6,3
1226,8,6
1227,4,3
1227,3,3
1227,5,8
1227,7,9
1227,1,9
1228,10,6
1228,10,7
1228,1,9
1228,2,1
1228,2,1
1229,2,1
1229,1,6
1230,9,6
1230,3,8
1230,9,5
1230,1,7
1230,9,4
1231,7,5
1231,2,4
1231,2,7
1231,6,3
1232,3,3
1233,10,4
1233,9,1
1233,5,6
1234,3,3
1234,7,6
1234,7,3
1234,3,3
1235,4,6
1235,8,2
1235,8,6
1236,5,4
1236,4,8
1236,10,3
1236,3,6
1236,6,2
1237,1,1
1237,10,4
1238,4,8
1239,1,9
1239,5,7
1239,5,2
1239,3,3
1239,7,7
1240,8,9
1240,10,9
1241,1,9
1241,10,3
1241,2,1
1242,3,3
1242,9,9
1242,10,9
1242,9,7
1243,3,6
1243,1,3
1243,7,1
1243,6,7
1243,2,8
1244,9,8
1245,5,1
1245,3,2
1245,2,5
1246,5,5
1246,6,7
1246,5,9
1247,9,8
1247,10,8
1247,9,4
1247,5,8
1247,1,6
1248,3,6
1248,1,5
1248,2,3
1249,8,9
1249,9,4
1249,5,1
1249,2,8
1249,9,5
1250,6,9
1250,1,1
1250,9,4
1250,8,7
1251,2,3
1251,9,9
1251,5,9
1251,3,9
1251,3,1
1252,10,8
1252,4,6
1252,9,9
1252,6,6
1253,4,3
1253,5,8
1253,6,6
1254,3,5
1254,7,5
1254,9,7
1254,9,9
1255,1,7
1255,6,1
1255,7,5
1255,8,6
1256,10,6
1256,2,1
1256,4,4
1256,10,6
1257,3,7
1257,9,6
1258,9,7
1258,2,9
1258,7,3
1258,10,4
1258,5,8
1259,5,9
1259,8,3
1259,10,7
1260,9,3
1260,2,3
1260,4,7
1261,4,9
1261,4,1
1261,7,1
1261,1,4
1261,9,3
1262,7,7
1262,6,2
1262,6,9
1262,6,4
1262,2,7
1263,8,4
1263,5,4
1264,3,6
1264,1,9
1264,10,8
1264,5,1
1264,2,3
1265,4,7
1265,2,2
1265,8,6
1265,7,5
1265,9,6
1266,2,1
1266,10,5
1266,4,9
1266,1,3
1267,6,2
1267,5,9
1267,7,6
1268,1,4
1268,3,4
1268,2,7
1268,5,2
1268,10,7
1269,6,6
1269,5,7
1269,2,9
1269,3,9
1269,4,9
1270,8,1
1270,8,8
1270,3,3
1270,10,2
1270,10,2
1271,5,8
1271,7,4
1271,2,7
1271,8,6
1272,5,9
1272,2,4
1272,5,3
1272,7,5
1272,3,8
1273,2,7
1273,5,1
1273,9,8
1273,3,3
1274,2,6
1274,5,8
1274,10,6
1275,1,4
1275,3,3
1276,3,1
1276,10,4
1276,1,4
1276,4,5
1277,1,2
1277,6,1
1277,7,2
1277,10,5
1277,10,2
1278,7,8
1278,1,9
1278,7,4
1279,2,3
1279,3,5
1279,4,5
1279,8,5
1280,5,1
1280,5,2
1280,5,9
1280,6,4
1280,1,9
1281,1,8
1282,5,4
1283,10,4
1283,5,7
1284,7,3
1284,5,4
1284,2,9
1284,3,5
1284,9,4
1285,8,9
1285,1,5
1285,6,2
1286,6,5
1286,7,6
1286,4,2
1286,6,5
1287,10,2
1287,7,2
1287,10,9
1288,10,9
1288,9,2
1289,4,9
1289,5,4
1289,5,3
1289,8,6
1290,3,5
1290,10,8
1291,4,4
1291,3,2
1291,3,7
1292,5,1
1293,3,6
1294,7,1
1294,10,2
1294,10,6
1294,9,9
1294,9,3
1295,9,9
1295,3,1
1295,3,1
1295,1,5
1296,5,9
1296,1,6
1297,9,6
1297,10,1
1297,2,1
1297,6,3
1297,7,2
1298,9,1
1299,5,3
1299,6,5
1299,8,8
1299,1,2
1299,7,1
1300,2,3
1300,3,2
1300,2,3
1300,5,6
1301,4,8
1301,7,7
1301,4,1
1301,5,9
1302,10,8
1302,4,3
1302,5,1
1302,10,5
1302,8,7
1303,6,3
1303,5,2
1303,10,4
1303,2,6
1303,9,7
1304,4,6
1304,7,7
1304,5,2
1305,10,6
1305,1,6
1305,10,8
1305,3,6
1306,3,5
1306,7,1
1306,9,5
1306,3,2
1306,2,9
1307,5,6
1308,10,1
1308,4,9
1308,4,9
1308,4,6
1309,1,5
1310,3,3
1310,4,3
1310,2,4
1310,9,8
1310,4,6
1311,9,4
1311,9,9
1311,10,9
1312,10,8
1312,2,6
1312,5,5
1313,3,1
1313,8,6
1313,1,3
1313,2,3
1313,8,7
1314,7,6
1314,9,1
1315,9,1
1315,6,2
1315,2,2
1315,6,9
1316,9,5
1317,3,6
1317,2,9
1318,8,6
1318,3,1
1318,6,6
1319,2,5
1319,8,6
1319,8,8
1319,7,4
1320,9,2
1320,2,1
1320,10,5
1320,2,8
1320,6,6
1321,6,5
1321,7,6
1321,1,7
1322,6,5
1322,10,1
1322,3,4
1322,10,7
1322,5,4
1323,1,4
1323,2,3
1323,10,3
1323,9,4
1323,5,2
1324,9,9
1325,7,9
1325,10,4
1325,9,4
1325,10,7
1325,1,7
1326,9,8
1326,5,3
1326,8,9
1326,3,1
1327,8,2
1327,3,6
1327,8,8
1328,2,9
1328,9,3
1328,2,7
1329,10,2
1330,5,9
1330,6,2
1330,2,5
1330,7,8
1331,3,8
1331,7,5
1331,7,4
1332,5,3
1332,1,7
1332,8,5
1332,5,1
1332,7,7
1333,8,3
1333,6,4
1333,1,6
1334,1,8
1334,5,8
1334,3,6
1334,9,3
1334,9,5
1335,5,3
1335,3,7
1336,8,1
1337,5,6
1337,6,9
1337,6,8
1337,7,2
1338,5,6
1339,8,9
1339,3,7
1340,3,7
1340,10,4
1340,3,4
1340,7,2
1340,5,1
1341,3,6
1341,1,4
1341,4,6
1342,4,9
1342,3,4
1342,8,9
1342,8,9
1342,9,7
1343,5,6
1344,5,2
1344,5,9
1344,1,9
1344,2,2
1344,1,4
1345,8,9
1345,1,5
1346,9,7
1346,2,8
1346,3,6
1347,9,5
1348,1,6
1348,5,1
1348,10,4
1348,8,2
1349,1,1
1349,2,3
1349,5,1
1350,6,7
1350,5,2
1350,1,6
1351,3,7
1351,3,1
1352,9,8
1352,8,2
1353,5,2
1353,10,9
1353,9,6
1353,1,2
1354,2,9
1354,10,8
1355,1,4
1355,4,9
1355,6,7
1355,10,7
1356,9,6
1356,1,7
1357,1,6
1358,3,5
1358,3,3
1359,2,9
1359,2,7
1359,7,5
1359,1,8
1360,3,2
1361,3,2
1361,3,8
1361,4,3
1362,2,8
1362,3,6
1362,2,5
1362,9,5
1363,8,2
1363,4,9
1363,7,3
1364,10,4
1364,1,5
1364,9,7
1364,5,3
1365,1,2
1365,6,7
1365,9,5
1365,8,6
1365,10,2
1366,7,8
1366,1,7
1366,6,9
1367,2,7
1368,2,9
1368,6,4
1368,7,5
1368,3,7
1369,2,6
1369,9,9
1370,1,9
1370,6,6
1371,10,9
1371,3,3
1372,8,3
1372,5,5
1373,10,4
1373,2,8
1373,1,4
1373,4,9
1373,5,7
1374,1,3
1374,10,4
1374,3,9
1375,7,6
1375,8,4
1375,9,9
1375,1,9
1376,6,2
1377,3,8
1377,10,9
1377,5,4
1378,8,3
1378,9,9
1379,7,6
1379,2,3
1379,5,4
1379,1,3
1380,10,8
1380,3,3
1380,6,7
1380,8,4
1381,4,5
1381,3,7
1381,1,2
1381,3,7
1381,4,4
1382,8,2
1382,3,1
1383,4,3
1384,1,6
1384,6,2
1384,2,5
1384,8,7
1385,4,4
1385,5,3
1385,4,4
1386,5,2
1386,4,4
1386,4,6
1387,4,5
1387,2,8
1388,8,6
1388,2,7
1388,3,3
1389,7,7
1389,6,3
1389,5,8
1389,10,4
1390,8,3
1390,4,6
1390,9,4
1390,8,3
1390,8,3
1391,2,2
1391,6,9
1391,6,4
1391,10,9
1391,8,6
1392,5,6
1392,2,1
1392,3,4
1392,1,6
1393,4,7
1393,7,7
1393,10,4
1393,7,5
1393,6,7
1394,10,3
1395,1,6
1395,6,7
1396,6,8
1396,8,2
1396,8,4
1396,2,6
1396,8,9
1397,9,7
1397,8,5
1397,3,2
1398,3,7
1398,8,7
1398,6,9
1398,2,7
1398,3,9
1399,1,9
1399,3,9
1399,3,6
1399,9,2
1400,1,1
1401,8,8
1401,2,6
1401,2,5
1401,6,2
1401,7,4
1402,3,5
1402,9,5
1402,1,9
1402,8,1
1402,3,1
1403,9,6
1403,9,1
1404,1,9
1404,1,2
1404,5,4
1405,4,7
1405,2,2
1405,7,7
1406,6,5
1406,8,2
1406,6,2
1407,10,8
1407,3,8
1407,2,5
1407,7,9
1408,6,9
1408,8,4
1409,2,8
1409,5,3
1409,7,3
1409,8,6
1409,8,3
1410,1,9
1410,8,8
1410,10,6
1410,4,1
1411,4,2
1412,9,3
1412,6,2
1412,4,5
1413,8,6
1413,4,5
1413,10,1
1413,5,5
1413,7,6
1414,4,3
1414,3,2
1414,3,8
1414,10,8
1415,8,6
1416,6,7
1417,1,6
1417,6,3
1417,1,3
1418,4,1
1418,8,4
1419,4,2
1419,3,8
1419,3,8
1420,8,8
1420,8,3
1420,1,2
1420,2,8
1421,5,7
1422,7,9
1422,6,2
1422,9,8
1422,10,7
1422,9,6
1423,9,2
1423,6,8
1423,4,4
1423,5,9
1423,9,3
1424,3,4
1424,4,1
1425,10,3
1425,5,4
1425,3,2
1425,4,9
1426,5,4
1427,9,4
1428,4,5
1429,6,4
1429,1,9
1429,9,7
1429,7,7
1429,10,4
1430,9,5
1431,3,5
1431,8,8
1432,8,6
1432,10,9
1433,6,5
1434,8,7
1434,8,1
1435,9,4
1435,9,8
1436,5,3
1436,8,1
1436,3,6
1437,2,1
1437,1,3
1438,10,8
1438,7,1
1438,1,9
1438,2,3
1439,5,3
1439,4,8
1439,5,4
1439,9,8
1440,1,2
1441,3,3
1441,5,2
1442,2,9
1442,2,4
1443,1,5
1443,2,8
1444,3,6
1444,9,7
1444,8,3
1444,10,2
1444,5,6
1445,10,7
1445,6,3
1445,2,8
1446,4,9
1446,3,6
1446,10,4
1446,6,5
1446,6,3
1447,1,8
1448,5,3
1448,2,3
1448,7,4
1448,2,6
1449,8,7
1449,6,1
1449,2,7
1450,7,1
1450,6,5
1450,9,8
1450,9,8
1451,9,5
1451,10,9
1451,6,8
1451,5,5
1452,8,9
1452,9,5
1452,7,1
1452,3,9
1452,3,5
1453,9,6
1453,10,4
1454,3,7
1454,9,1
1454,4,3
1455,9,7
1455,1,3
1455,2,7
1455,4,8
1455,10,1
1456,5,9
1457,2,6
1457,2,1
1457,2,7
1458,3,4
1458,1,6
1458,10,7
1459,2,8
1460,6,2
1460,6,9
1460,2,6
1461,8,4
1461,7,6
1461,4,2
1461,2,6
1462,4,8
1462,10,6
1462,10,6
1462,2,4
1462,2,2
1463,9,7
1464,2,5
1465,8,4
1465,9,4
1465,4,6
1465,9,8
1466,6,9
1466,1,4
1467,3,1
1468,9,4
1469,6,5
1469,2,2
1469,2,2
1470,6,5
1470,7,2
1470,7,8
1471,9,5
1471,8,9
1471,6,8
1471,4,3
1472,10,5
1472,8,5
1472,1,4
1472,3,7
1472,9,3
1473,2,9
1473,7,5
1474,7,4
1474,10,3
1474,6,2
1474,3,2
1474,1,1
1475,8,8
1475,5,2
1476,7,1
1477,7,7
1477,3,1
1477,3,3
1478,6,6
1478,5,1
1478,2,7
1478,3,3
1478,5,8
1479,1,9
1479,6,1
1479,9,2
1479,3,6
1479,10,3
1480,6,5
1480,10,4
1481,8,5
1481,9,7
1481,1,9
1482,2,6
1483,5,5
1483,6,8
1483,3,2
1483,10,1
1483,2,9
1484,4,7
1484,10,4
1484,10,2
1484,7,2
1484,5,4
1485,5,1
1486,5,1
1486,4,5
1486,2,9
1486,9,1
1487,6,8
1488,2,9
1488,4,1
1488,2,5
1489,5,4
1490,10,8
1491,4,1
1492,1,9
1492,1,8
1493,7,8
1493,2,1
1494,7,5
1494,10,8
1494,1,4
1494,1,1
1495,10,9
1496,8,8
1497,3,5
1498,3,4
1498,1,7
1498,7,1
1499,10,7
1499,1,7
1499,3,5
1500,1,6
1500,1,1
1500,10,9
1501,7,7
1501,10,1
1502,7,8
1502,8,5
1503,8,6
1503,6,4
1503,9,3
1504,4,7
1504,6,5
1504,1,7
1505,4,4
1505,3,5
1505,5,1
1505,7,3
1506,10,1
1506,8,8
1506,4,9
1507,3,8
1507,2,9
1507,2,2
1508,10,8
1508,5,2
1508,10,5
1508,1,1
1508,9,2
1509,8,4
1509,3,7
1510,9,7
1510,5,3
1510,4,6
1510,6,6
1510,6,2
1511,8,7
1512,6,2
1513,6,3
1513,10,3
1513,7,5
1513,5,2
1514,1,8
1514,2,2
1515,10,6
1516,1,9
1516,8,6
1516,5,2
1516,5,9
1517,9,1
1517,6,9
1517,1,2
1517,3,3
1517,7,6
1518,1,5
1518,3,8
1519,9,1
1519,2,9
1519,1,7
1520,5,6
1520,1,6
1520,6,6
1520,9,4
1521,8,7
1521,8,6
1521,4,7
1522,3,6
1522,8,2
1522,9,3
1523,10,9
1524,6,9
1525,6,8
1525,6,5
1526,6,4
1527,5,3
1527,1,4
1528,6,4
1528,4,5
1528,9,5
1528,1,5
1528,8,2
1529,9,5
1529,4,9
1529,4,4
1530,8,5
1530,3,1
1530,6,8
1530,9,2
1531,9,2
1531,10,7
1531,2,8
1532,5,6
1533,1,9
1533,9,2
1533,2,3
1533,3,5
1534,7,6
1534,10,5
1534,7,2
1534,5,8
1534,7,7
1535,3,3
1535,8,8
1535,2,6
1535,1,7
1536,3,3
1536,10,4
1536,1,8
1536,3,9
1537,9,9
1537,8,5
1537,4,7
1537,3,8
1537,3,4
1538,10,3
1538,7,8
1538,6,4
1539,3,6
1540,8,9
1540,6,5
1540,6,8
1540,9,9
1541,8,2
1541,3,8
1541,9,2
1541,9,6
1541,5,6
1542,10,2
1542,10,7
1542,9,5
1543,6,5
1544,9,7
1544,6,3
1544,6,4
1544,3,2
1545,2,7
1545,4,6
1546,9,2
1547,2,4
1547,2,8
1547,5,6
1548,3,5
1549,5,6
1549,6,4
1549,4,7
1549,3,2
1550,1,2
1550,7,7
1551,10,3
1552,5,8
1552,10,8
1552,7,5
1552,9,9
1552,4,4
1553,5,5
1553,3,4
1554,2,9
1554,3,7
1554,3,5
1554,1,9
1554,7,8
1555,8,8
1555,4,1
1555,8,5
1556,6,4
1556,2,8
1556,7,4
1557,9,7
1557,5,4
1557,1,9
1557,9,3
1558,3,9
1559,7,5
1559,2,4
1560,9,5
1560,7,8
1561,2,2
1561,7,2
1562,1,6
1562,2,8
1562,2,9
1562,3,4
1562,4,4
1563,6,8
1563,7,4
1563,1,7
1563,1,3
1563,4,8
1564,1,6
1564,4,5
1564,1,6
1565,2,7
1565,7,9
1565,1,4
1566,9,2
1566,6,3
1567,9,9
1567,6,9
1567,8,8
1568,7,8
1569,4,8
1569,6,1
1569,9,5
1569,2,1
1569,6,7
1570,8,6
1571,4,8
1571,8,5
1571,7,7
1571,9,7
1572,9,4
1573,10,6
1574,4,9
1574,9,4
1575,5,8
1575,7,3
1575,5,9
1575,5,4
1576,7,6
1577,3,3
1577,4,4
1577,7,7
1577,3,4
1578,10,6
1579,6,1
1579,4,5
1579,1,1
1579,9,9
1580,9,7
1580,8,5
1580,2,5
1580,6,6
1580,9,6
1581,7,2
1581,8,1
1581,9,6
1581,7,6
1581,2,6
1582,3,3
1583,5,1
1584,8,1
1584,1,2
1584,9,3
1584,8,4
1585,10,3
1585,9,6
1585,1,6
1585,10,1
1586,4,5
1587,8,4
1587,3,3
1587,10,5
1587,9,9
1588,6,9
1588,4,9
1588,8,1
1588,8,8
1588,5,7
1589,2,2
1589,10,1
1589,9,3
1589,6,6
1589,5,4
1590,2,5
1590,9,1
1590,4,8
1591,4,4
1591,6,7
1591,1,4
1591,9,8
1592,7,2
1592,2,2
1592,1,6
1593,2,4
1593,8,9
1594,7,4
1594,4,5
1594,3,6
1594,2,3
1595,5,9
1595,1,9
1596,4,1
1596,7,5
1596,8,7
1596,3,1
1596,3,1
1597,7,4
1597,4,6
1597,5,2
1597,2,1
1597,5,4
1598,7,3
1598,5,9
1598,5,1
1598,6,4
1599,4,1
1599,1,8
1599,2,9
1599,7,3
1599,5,6
1600,8,1
1600,3,4
1601,3,7
1601,1,3
1601,8,7
1601,5,3
1602,2,5
1603,2,5
1603,8,6
1603,2,4
1603,10,9
1604,4,4
1604,1,9
1605,3,7
1605,3,3
1606,10,2
1606,2,2
1607,9,7
1608,5,4
1608,9,1
1609,10,8
1609,3,7
1610,10,1
1610,10,1
1610,9,2
1611,4,6
1611,7,5
1612,8,3
1612,7,2
1613,6,1
1613,6,9
1613,6,2
1613,9,8
1613,1,6
1614,7,8
1615,4,5
1616,8,5
1616,4,6
1616,10,9
1616,3,5
1616,6,1
1617,7,3
1618,2,6
1618,4,4
1618,10,9
1619,5,6
1619,8,3
1619,10,8
1620,5,8
1620,6,1
1620,4,2
1621,8,1
1621,4,3
1621,6,3
1622,8,1
1623,5,3
1623,1,4
1623,3,9
1623,2,9
1624,2,9
1624,6,4
1624,3,2
1624,7,5
1625,1,3
1625,6,5
1625,9,6
1625,6,4
1626,4,9
1626,4,7
1626,9,3
1626,8,2
1627,2,4
1628,9,2
1628,7,4
1628,8,2
1628,1,5
1629,10,2
1629,1,9
1630,6,2
1630,1,7
1630,10,2
1631,5,1
1631,3,4
1632,9,2
1632,6,4
1632,5,8
1632,2,2
1632,4,4
1633,10,9
1633,4,3
1633,6,5
1634,1,8
1635,5,6
1635,10,9
1635,2,7
1635,9,7
1635,1,2
1636,2,1
1637,9,2
1637,3,8
1638,4,3
1638,10,3
1638,9,3
1639,10,5
1639,10,4
1639,6,7
1639,3,1
1639,2,9
1640,4,7
1640,1,5
1640,6,5
1640,4,8
1640,6,7
1641,8,2
1641,4,2
1642,2,8
1642,5,4
1642,5,5
1642,5,6
1643,9,6
1643,4,5
1643,8,2
1643,3,2
1644,10,3
1645,9,8
1645,3,1
1645,10,4
1645,1,6
1645,7,6
1646,3,7
1646,7,9
1647,1,1
1648,2,7
1648,10,7
1648,2,1
1648,9,2
1648,1,2
1649,7,9
1649,1,2
1649,2,8
1649,5,4
1650,4,5
1650,1,6
1650,4,1
1650,10,1
1651,10,8
1651,1,9
1651,1,4
1652,4,4
1652,6,6
1652,6,2
1653,5,3
1653,10,9
1654,1,9
1654,4,2
1655,9,3
1655,3,2
1655,1,2
1655,7,8
1655,2,3
1656,9,6
1656,3,3
1656,3,8
1656,4,9
1657,6,2
1658,9,8
1659,10,2
1659,10,2
1660,4,3
1660,8,9
1660,3,6
1660,7,5
1661,2,2
1661,2,4
1661,2,8
1661,5,1
1661,4,5
1662,5,2
1663,6,4
1663,3,8
1663,1,8
1663,8,3
1664,7,1
1665,1,4
1665,7,2
1665,8,4
1665,5,2
1665,1,8
1666,8,2
1666,9,6
1666,6,3
1667,3,6
1667,7,1
1668,7,1
1668,6,3
1668,6,6
1668,8,8
1669,1,1
1669,3,2
1669,3,9
1670,1,3
1670,5,2
1670,10,6
1670,5,3
1671,1,4
1671,4,9
1671,6,9
1672,2,8
1672,7,6
1673,3,3
1674,4,1
1674,4,3
1674,5,6
1675,5,3
1675,8,7
1675,6,8
1675,4,9
1675,7,3
1676,9,5
1676,7,5
1677,9,7
1677,10,9
1678,10,1
1678,4,7
1679,8,2
1680,2,1
1680,8,2
1680,7,2
1681,3,5
1681,6,6
1681,2,4
1681,7,5
1681,7,7
1682,3,7
1683,7,9
1683,1,1
1683,7,3
1683,8,5
1683,6,9
1684,3,1
1684,6,9
1684,10,1
1684,4,2
1684,9,8
1685,6,3
1685,8,7
1685,5,3
1685,8,2
1685,2,2
1686,8,2
1687,1,4
1687,1,3
1687,8,3
1687,10,2
1687,7,3
1688,8,6
1688,1,6
1688,10,4
1688,6,6
1688,8,4
1689,6,4
1689,5,3
1690,5,9
1690,5,9
1690,2,4
1690,7,8
1690,6,4
1691,3,1
1691,9,5
1691,8,8
1691,5,4
1691,8,3
1692,9,1
1692,9,7
1692,10,4
1692,7,8
1692,6,5
1693,7,3
1693,5,3
1694,8,4
1695,7,5
1695,10,7
1696,7,2
1697,9,3
1697,8,3
1697,10,6
1697,3,7
1697,3,3
1698,8,9
1698,1,7
1698,10,9
1698,7,9
1698,1,5
1699,10,6
1699,7,3
1700,10,4
1700,1,3
1700,1,8
1701,6,9
1701,6,5
1701,9,6
1702,1,1
1702,8,5
1702,8,5
1703,2,8
1703,3,6
1703,2,4
1703,3,7
1704,3,5
1704,1,5
1705,6,4
1706,5,6
1706,6,2
1706,3,1
1706,9,9
1706,7,3
1707,5,2
1707,10,9
1707,6,6
1707,9,3
1708,10,9
1708,7,8
1708,1,5
1708,1,3
1708,6,3
1709,3,4
1710,8,9
1710,4,6
1710,5,2
1710,9,8
1711,7,4
1711,10,8
1711,9,2
1711,7,7
1712,9,8
1712,9,3
1712,7,4
1713,10,2
1713,5,3
1714,7,5
1714,10,7
1714,10,6
1714,3,3
1714,2,6
1715,1,3
1715,1,5
1716,10,1
1717,10,3
1717,2,7
1717,1,4
1718,3,1
1718,10,6
1719,4,8
1719,3,7
1719,2,8
1719,5,8
1720,6,7
1720,3,4
1720,5,6
1720,5,6
1721,7,5
1722,5,9
1723,3,6
1723,4,5
1723,4,4
1723,6,8
1724,8,9
1724,10,8
1725,9,1
1725,1,6
1726,10,2
1726,4,5
1726,10,6
1726,7,8
1727,9,1
1727,5,2
1727,3,1
1727,8,6
1728,4,8
1728,1,2
1728,4,1
1728,10,9
1729,5,2
1729,5,3
1729,8,9
1729,2,3
1729,7,8
1730,4,4
1730,4,5
1730,5,4
1731,2,4
1731,2,9
1731,6,4
1731,10,7
1731,4,6
1732,3,9
1732,2,7
1732,2,5
1732,3,8
1732,2,7
1733,9,3
1733,3,8
1733,9,7
1733,5,1
1734,4,5
1734,10,6
1734,8,2
1735,1,6
1735,3,2
1735,8,8
1735,2,2
1736,6,7
1736,1,1
1736,8,6
1736,7,8
1737,9,3
1738,7,5
1738,9,3
1738,1,1
1739,8,8
1739,10,7
1740,10,2
1740,6,3
1740,7,9
1740,5,4
1741,4,2
1741,3,2
1741,4,7
1742,9,7
1743,2,1
1743,4,4
1744,5,2
1744,1,4
1745,5,1
1745,7,1
1746,6,4
1746,3,8
1746,1,2
1747,6,6
1747,8,2
1747,10,2
1747,5,9
1748,3,6
1749,3,4
1749,10,8
1749,8,5
1749,10,7
1750,6,8
1750,8,8
1750,2,1
1751,4,2
1751,10,3
1751,10,4
1752,4,2
1752,1,9
1753,2,9
1753,2,5
1753,6,6
1753,9,7
1754,5,5
1755,3,9
1755,6,9
1755,10,6
1756,5,9
1756,6,3
1756,5,8
1756,6,8
1757,3,6
1757,4,8
1757,9,9
1758,9,7
1759,7,9
1759,7,1
1760,3,5
1760,10,5
1761,7,5
1761,5,7
1762,6,3
1762,5,9
1762,10,5
1762,1,5
1763,4,8
1763,3,3
1763,5,9
1763,7,1
1763,8,8
1764,3,2
1764,6,6
1764,5,6
1764,10,6
1765,1,1
1765,4,8
1766,2,9
1766,4,5
1766,9,5
1767,8,5
1767,4,3
1767,4,5
1767,5,5
1768,1,2
1768,9,2
1768,8,4
1769,6,2
1770,3,2
1770,9,9
1770,4,7
1770,4,9
1770,4,7
1771,4,6
1771,7,7
1771,7,5
1771,2,6
1772,1,9
1772,1,3
1772,3,9
1772,5,7
1772,8,4
1773,7,7
1774,1,2
1774,2,6
1775,4,5
1775,9,3
1775,8,4
1775,10,6
1776,5,2
1776,3,2
1776,10,4
1776,8,1
1776,7,4
1777,8,1
1778,7,7
1778,4,4
1779,2,4
1780,2,3
1780,3,9
1781,10,9
1781,2,7
1781,5,5
1781,4,6
1781,6,1
1782,6,2
1782,1,1
1782,4,4
1782,1,2
1782,2,1
1783,5,7
1784,2,8
1784,5,9
1784,8,3
1784,3,1
1785,10,1
1785,6,6
1786,7,8
1786,3,7
1786,1,1
1786,3,8
1787,4,4
1787,2,5
1787,8,2
1788,2,7
1788,7,9
1788,3,8
1789,5,1
1789,3,4
1789,8,4
1789,6,6
1790,5,8
1790,5,8
1790,5,8
1790,1,7
1790,9,1
1791,1,5
1791,5,2
1791,4,2
1791,4,5
1791,8,7
1792,2,8
1792,10,9
1793,7,8
1793,7,3
1793,6,2
1793,6,4
1793,7,1
1794,2,3
1794,4,6
1795,10,4
1795,7,5
1795,6,8
1795,6,3
1796,7,6
1796,8,2
1796,8,6
1796,3,4
1796,6,1
1797,5,2
1797,9,1
1797,6,4
1798,6,7
1798,10,1
1798,2,3
1798,2,4
1798,4,2
1799,7,4
1799,1,3
1799,9,3
1799,3,3
1800,4,4
1800,8,4
1800,2,8
1801,4,7
1801,4,7
1801,4,2
1802,1,3
1802,1,2
1803,1,5
1803,3,4
1803,4,7
1803,7,9
1803,4,8
1804,1,4
1805,3,8
1805,2,3
1805,2,1
1805,7,1
1805,4,9
1806,4,5
1806,3,7
1806,10,6
1807,9,6
1807,6,7
1808,10,9
1808,5,1
1808,8,3
1808,3,5
1808,1,5
1809,1,8
1809,7,6
1809,6,7
1809,5,8
1810,6,5
1810,5,1
1810,6,3
1810,2,7
1811,6,7
1811,7,6
1811,8,5
1811,2,9
1812,1,6
1812,3,4
1812,4,4
1812,7,7
1812,3,4
1813,5,8
1814,4,5
1814,8,7
1814,7,4
1814,1,6
1814,9,1
1815,8,8
1815,9,6
1816,1,2
1817,3,2
1817,7,3
1818,6,8
1818,8,8
1819,6,8
1820,8,9
1820,6,1
1821,4,1
1821,6,7
1821,10,6
1821,5,3
1821,9,9
1822,10,5
1822,1,4
1822,5,6
1823,4,1
1823,5,3
1823,5,8
1823,7,5
1823,5,8
1824,6,9
1824,2,4
1824,5,4
1824,4,5
1824,9,5
1825,2,9
1825,9,7
1825,10,6
1825,5,7
1825,3,2
1826,4,2
1827,5,1
1827,1,2
1827,4,8
1827,4,1
1828,4,1
1828,10,5
1828,1,8
1828,3,1
1828,7,7
1829,10,2
1829,8,7
1829,4,7
1830,8,2
1830,7,2
1831,2,9
1831,7,7
1832,5,5
1833,8,4
1834,1,9
1834,7,4
1834,7,8
1834,8,6
1834,5,3
1835,2,2
1835,4,8
1835,4,9
1835,10,3
1835,2,9
1836,4,6
1836,7,4
1837,3,4
1838,6,7
1838,3,9
1838,3,8
1839,9,9
1839,6,4
1839,10,6
1839,7,1
1839,7,9
1840,8,1
1841,10,3
1841,9,4
1841,6,8
1841,1,8
1842,8,9
1842,3,9
1842,3,4
1842,5,2
1842,5,7
1843,6,6
1843,4,6
1843,2,9
1843,10,7
1844,7,5
1844,4,4
1844,5,1
1844,6,8
1845,6,1
1845,10,9
1845,5,7
1845,7,9
1845,10,7
1846,5,3
1846,2,5
1847,9,6
1847,2,4
1848,9,4
1849,8,5
1849,1,4
1850,6,3
1850,10,8
1851,6,5
1851,8,1
1852,2,8
1852,9,5
1852,6,2
1852,2,1
1853,2,9
1853,1,6
1853,9,4
1853,2,7
1854,9,7
1854,10,7
1854,1,2
1854,5,9
1855,9,3
1855,3,4
1856,1,5
1856,1,6
1856,8,8
1857,2,4
1857,10,8
1857,1,5
1858,9,3
1858,6,1
1859,5,1
1859,2,4
1859,4,7
1859,7,3
1860,9,4
1860,10,3
1860,2,7
1860,5,7
1861,8,5
1861,6,6
1861,8,6
1861,7,9
1861,2,7
1862,5,8
1862,2,6
1863,2,1
1863,7,4
1863,4,7
1863,3,4
1864,1,5
1864,5,4
1865,9,9
1865,4,4
1865,6,1
1865,10,8
1866,2,2
1867,4,7
1868,2,6
1869,8,9
1869,4,2
1870,8,4
1870,9,6
1870,1,9
1870,8,6
1870,5,1
1871,7,6
1871,8,4
1871,7,3
1871,2,4
1872,4,3
1872,7,7
1872,8,3
1873,5,3
1874,5,5
1874,10,3
1875,6,7
1875,8,8
1876,4,6
1877,1,1
1877,8,7
1878,7,4
1878,10,7
1878,7,1
1878,1,4
1879,9,1
1879,9,5
1880,6,3
1880,4,9
1880,1,1
1881,7,9
1881,10,5
1881,7,3
1882,9,9
1882,7,5
1882,7,3
1883,5,5
1883,8,9
1883,4,5
1883,5,3
1884,9,7
1884,6,7
1884,6,6
1884,5,4
1885,7,8
1885,1,3
1885,5,8
1886,9,7
1886,6,5
1886,6,5
1886,1,8
1887,3,6
1887,4,8
1888,1,6
1888,3,5
1889,6,5
1890,4,5
1891,9,8
1892,6,5
1892,2,5
1892,8,8
1892,7,2
1893,7,1
1893,6,8
1893,5,8
1894,10,6
1894,5,8
1894,3,2
1894,9,3
1895,9,4
1895,6,5
1895,8,1
1896,8,5
1897,6,6
1898,7,9
1898,5,5
1898,4,9
1898,7,6
1898,4,8
1899,3,4
1899,8,9
1899,4,3
1899,1,9
1899,10,5
1900,9,5
1900,1,1
1901,6,9
1901,6,5
1902,10,5
1902,10,9
1902,4,7
1902,1,7
1902,4,1
1903,10,5
1903,2,5
1904,5,8
1904,6,9
1904,10,6
1905,10,7
1906,5,2
1906,9,2
1907,3,7
1907,7,4
1907,10,7
1908,6,6
1909,10,7
1909,4,3
1909,4,4
1909,5,7
1909,5,4
1910,4,7
1911,3,5
1911,9,3
1911,9,2
1911,7,4
1911,10,9
1912,2,2
1912,5,6
1912,4,9
1912,8,2
1912,3,4
1913,5,8
1913,5,7
1913,7,2
1913,6,4
1914,9,8
1914,1,3
1914,6,1
1914,3,5
1915,6,9
1915,3,5
1915,9,7
1916,7,3
1917,4,2
1917,8,4
1918,3,1
1918,2,5
1918,8,1
1918,8,8
1919,7,4
1919,7,7
1920,7,9
1920,6,1
1920,7,3
1920,6,1
1920,4,8
1921,4,2
1921,2,9
1921,6,6
1922,3,6
1922,7,9
1922,6,3
1923,9,9
1923,1,7
1923,6,9
1923,4,8
1924,9,9
1924,9,5
1924,8,4
1925,2,8
1926,10,8
1926,9,9
1926,1,3
1926,10,5
1926,10,8
1927,1,9
1928,4,8
1928,5,2
1928,4,6
1929,5,9
1929,5,3
1930,5,3
1931,2,6
1931,7,8
1931,6,3
1931,2,6
1932,2,1
1932,2,8
1932,1,4
1932,10,8
1933,8,8
1933,5,3
1933,7,6
1933,7,6
1934,7,3
1934,2,2
1934,6,6
1934,3,7
1935,7,2
1935,5,8
1935,9,4
1936,8,8
1936,4,9
1936,6,5
1936,4,5
1936,3,3
1937,1,7
1937,9,9
1938,5,2
1938,5,2
1938,10,3
1938,3,2
1938,4,7
1939,10,7
1939,6,1
1940,1,5
1940,3,4
1940,6,8
1940,5,7
1940,4,6
1941,10,8
1941,8,5
1941,7,4
1941,3,7
1942,10,6
1942,9,6
1942,10,7
1942,1,9
1943,8,1
1943,6,9
1943,5,7
1943,2,2
1943,1,9
1944,3,7
1944,5,7
1944,1,8
1944,10,3
1945,3,3
1945,10,4
1945,8,9
1945,9,7
1945,2,7
1946,1,6
1946,5,8
1946,9,4
1946,3,1
1946,7,5
1947,9,7
1947,10,4
1947,1,8
1947,7,1
1948,3,7
1949,1,5
1949,6,8
1949,2,1
1949,7,5
1949,3,7
1950,2,9
1950,9,7
1950,2,3
1950,6,7
1950,7,7
1951,7,1
1951,7,8
1951,5,3
1951,3,5
1952,7,6
1952,2,7
1952,7,3
1953,5,6
1954,6,9
1954,3,2
1954,5,2
1954,3,5
1954,10,3
1955,6,9
1955,8,4
1955,10,7
1955,5,6
1956,7,4
1956,7,5
1956,2,1
1956,8,8
1956,10,6
1957,2,5
1957,1,6
1958,6,7
1958,2,4
1958,6,2
1958,3,6
1959,3,6
1959,4,2
1959,6,4
1959,7,7
1959,3,1
1960,4,5
1960,5,5
1960,10,8
1960,5,3
1961,1,2
1961,1,8
1962,1,7
1962,6,4
1963,7,2
1963,3,6
1963,6,1
1964,4,6
1964,4,3
1964,6,6
1965,4,1
1965,4,1
1965,9,9
1965,4,8
1966,8,5
1966,5,8
1966,6,7
1967,9,6
1967,2,8
1967,1,3
1968,4,6
1968,1,7
1968,5,2
1968,6,2
1968,2,4
1969,4,8
1969,2,1
1969,8,2
1969,8,9
1970,1,8
1971,4,3
1971,3,1
1972,9,9
1972,5,8
1972,1,7
1972,5,5
1973,2,9
1973,5,8
1973,7,7
1973,5,1
1973,6,8
1974,1,8
1974,8,2
1974,10,1
1974,10,6
1975,7,8
1975,2,5
1975,6,5
1975,3,4
1975,9,4
1976,10,3
1976,9,4
1976,2,9
1977,3,6
1977,3,6
1977,2,4
1977,6,7
1977,1,8
1978,5,2
1978,4,3
1978,7,4
1978,8,6
1979,5,2
1979,2,8
1979,8,4
1979,10,6
1980,8,4
1981,4,2
1981,1,1
1981,1,3
1982,10,5
1982,3,7
1983,7,5
1983,4,2
1984,2,2
1984,2,4
1984,4,2
1984,4,3
1985,9,5
1985,2,2
1986,5,3
1986,10,1
1987,8,4
1987,5,5
1987,6,1
1988,4,6
1988,10,4
1988,2,3
1988,9,1
1988,6,2
1989,6,3
1990,8,7
1990,10,5
1991,5,8
1992,1,6
1992,5,3
1992,7,4
1992,5,4
1992,2,1
1993,8,7
1993,8,8
1993,7,9
1993,2,9
1993,6,1
1994,9,3
1994,3,4
1994,1,9
1994,5,2
1995,3,2
1995,3,9
1995,1,2
1995,4,5
1996,3,8
1996,2,3
1996,4,2
1996,7,3
1997,7,8
1997,1,3
1998,1,8
1998,10,8
1999,5,4
1999,10,4
1999,8,8
1999,9,6
1999,1,8
2000,7,1
2000,10,5
2000,3,4
